SQLDATE,EventCode,GoldsteinScale,NumMentions,AvgTone,ActionGeo_Type,ActionGeo_Lat,ActionGeo_Long,SOURCEURL
2022-07-23,190,-10.0,80,-3.28767123287672,4,24.1098,113.005,https://www.bignewsnetwork.com/news/272629729/chinese-people-liberation-army-navy-ship-spotted-near-taiwan-ahead-of-annual-war-games
2022-05-30,192,-9.5,105,-2.54545454545455,4,39.9289,116.388,https://www.bignewsnetwork.com/news/272570271/taiwan-claims-30-chinese-war-planes-entered-its-air-defense-zone
2023-01-09,150,-7.2,103,-2.83231714660143,4,25.0478,121.532,https://menafn.com/1105399435/Taiwans-National-Security-Taking-Undue-Precedence
2022-10-09,190,-10.0,54,1.92049253805816,4,25.0478,121.532,https://news.yahoo.com/taiwan-president-pledge-bolster-combat-150820280.html
2023-07-22,154,-7.2,45,-4.07330789726794,4,24.0,121.0,https://infotel.ca/newsitem/as-taiwan-china/cp42833282
2023-07-22,154,-7.2,70,-3.91886055498761,4,24.0,119.0,https://www.stamfordadvocate.com/news/world/article/as-taiwan-prepares-for-anti-invasion-exercises-18255259.php
2023-07-22,154,-7.2,50,-4.21275272043521,4,25.0478,121.532,https://apnews.com/article/taiwan-china-warplanes-military-exercises-548705bdceb0763c654cfd11f9b74dfd
2023-12-18,190,-10.0,50,-3.59442028165366,4,39.9289,116.388,https://www.kunc.org/npr-news/2023-12-18/china-is-subtly-increasing-military-pressure-on-taiwan-heres-how
2023-12-18,190,-10.0,50,-3.59442028165366,4,39.9289,116.388,https://www.kunc.org/npr-news/2023-12-18/china-is-subtly-increasing-military-pressure-on-taiwan-heres-how
2022-06-11,190,-10.0,46,-4.94924378988328,3,38.8951,-77.0364,https://newsrnd.com/news/2022-06-11-taiwan--washington-denounces-china-s-
2022-06-11,190,-10.0,42,-4.65305411849146,4,39.9289,116.388,https://www.msn.com/en-gb/news/world/china-becoming-more-coercive-and-aggressive-u-s-defence-chief/ar-AAYkszA
2022-06-11,190,-10.0,148,-5.39416744362681,4,24.0,121.0,https://www.msn.com/en-gb/news/world/china-becoming-more-coercive-and-aggressive-u-s-defence-chief/ar-AAYkszA
2022-06-11,190,-10.0,42,-5.20914720482771,4,55.7522,37.6156,https://www.msn.com/en-gb/news/world/china-becoming-more-coercive-and-aggressive-u-s-defence-chief/ar-AAYkszA
2022-08-05,194,-10.0,118,-4.11261557156022,4,39.9289,116.388,https://island.lk/china-fires-missiles-in-unprecedented-drills-around-taiwan/
2022-08-05,194,-10.0,46,-2.92713384257177,4,37.5664,127.0,https://edition.cnn.com/2022/08/04/asia/china-taiwan-pelosi-japan-tensions-intl-hnk/
2022-08-05,194,-10.0,287,-3.52252069723017,4,39.9289,116.388,http://www.msn.com/en-us/news/world/taiwan-faces-urgent-fighter-pilot-shortage-as-xi-tests-defenses/ar-AA10iUBG
2022-08-05,150,-7.2,145,-3.35449556275327,4,39.9289,116.388,http://www.vindy.com/wire/?category=6&ID=227047
2022-08-05,194,-10.0,118,-2.42030032500347,5,26.545,117.843,https://www.bignewsnetwork.com/news/272644372/days-after-pelosis-taiwan-visit-china-still-fuming
2022-08-05,194,-10.0,125,-2.96018815846313,4,25.0478,121.532,https://maritime-executive.com/article/china-launches-11-ballistic-missiles-into-waters-around-taiwan
2022-08-05,150,-7.2,752,-2.68058040215589,4,39.9289,116.388,https://www.itv.com/news/2022-08-05/chinese-planes-and-ships-cross-unofficial-buffer-zone-with-taiwan
2023-03-05,154,-7.2,84,-3.28170757479698,4,25.0478,121.532,https://www.australiannews.net/news/273594718/taiwan-19-chinese-air-force-planes-entered-its-air-defense-zone
2023-04-09,150,-7.2,70,1.04812256544839,4,39.9289,116.388,https://www.reuters.com/world/us-says-it-is-monitoring-chinas-drills-around-taiwan-closely-2023-04-08/
2023-04-09,190,-10.0,100,-2.27153251744623,4,39.9289,116.388,https://www.moneycontrol.com/news/world/china-simulates-striking-taiwan-on-second-day-of-drills-10383491.html
2023-04-09,150,-7.2,45,-2.49002607463196,4,20.6827,109.951,https://gcaptain.com/china-stages-a-second-day-of-military-exercises-around-taiwan/
2023-04-09,150,-7.2,45,-2.25808912857809,4,24.0,119.0,https://www.beijingbulletin.com/news/273722510/us-ready-for-war-with-china-congressman
2023-04-09,150,-7.2,80,-2.24529569218954,4,25.0478,121.532,https://www.dallassun.com/news/273722510/us-ready-for-war-with-china-congressman
2023-04-09,150,-7.2,225,-0.819412476763475,4,25.0478,121.532,https://www.smh.com.au/world/asia/us-watching-closely-as-china-aircraft-and-ships-towards-taiwan-20230409-p5cz46.html
2023-04-09,190,-10.0,102,-2.18118763684592,4,25.0478,121.532,https://www.rte.ie/news/world/2023/0409/1376010-taiwan-china/
2023-04-09,150,-7.2,95,-2.16938922354974,4,21.4167,121.5,https://economictimes.indiatimes.com/news/defence/china-simulates-striking-taiwan-on-second-day-of-drills/articleshow/99353110.cms
2023-04-09,190,-10.0,118,-2.1017692370025,4,21.4167,121.5,https://www.illawarramercury.com.au/story/8152454/china-simulates-striking-taiwan-on-second-day-of-drills/?cs=7484
2023-08-03,190,-10.0,42,-1.96254823425318,4,31.2222,121.458,https://apnews.com/article/taiwan-china-people-identity-reunification-3dde05f227bb579bf406556c05b1d131
2023-08-03,190,-10.0,90,-1.96252845228157,4,31.2222,121.458,https://apnews.com/article/taiwan-china-people-identity-reunification-3dde05f227bb579bf406556c05b1d131
2023-08-03,190,-10.0,42,-1.96254823425318,4,31.2222,121.458,https://apnews.com/article/taiwan-china-people-identity-reunification-3dde05f227bb579bf406556c05b1d131
2023-08-03,190,-10.0,90,-1.96252845228157,4,31.2222,121.458,https://apnews.com/article/taiwan-china-people-identity-reunification-3dde05f227bb579bf406556c05b1d131
2023-08-03,190,-10.0,44,-1.96252845228157,4,31.2222,121.458,https://apnews.com/article/taiwan-china-people-identity-reunification-3dde05f227bb579bf406556c05b1d131
2023-08-03,190,-10.0,44,-1.96252845228157,4,31.2222,121.458,https://apnews.com/article/taiwan-china-people-identity-reunification-3dde05f227bb579bf406556c05b1d131
2023-08-03,190,-10.0,45,-1.96222155220237,4,25.0478,121.532,https://apnews.com/article/taiwan-china-people-identity-reunification-3dde05f227bb579bf406556c05b1d131
2023-08-03,190,-10.0,45,-1.96222155220237,4,25.0478,121.532,https://apnews.com/article/taiwan-china-people-identity-reunification-3dde05f227bb579bf406556c05b1d131
2024-05-25,150,-7.2,231,-3.30091282269956,4,24.0,119.0,https://www.thestar.com.my/aseanplus/aseanplus-news/2024/05/25/chinese-military-drills-around-taiwan-have-ended-state-media
2022-08-03,150,-7.2,131,-4.02493258570215,4,39.9289,116.388,https://www.wfdd.org/story/what-3-past-taiwan-strait-crises-can-teach-us-about-us-china-tensions-today
2022-08-03,150,-7.2,168,-0.628852793915279,4,39.9289,116.388,https://www.thedailystar.net/news/world/news/pelosi-us-wants-taiwan-have-freedom-security-and-wont-back-down-3086731
2022-08-03,150,-7.2,108,-0.71625499399372,4,39.9289,116.388,https://www.startribune.com/pelosi-tells-taiwan-us-commitment-to-democracy-is-ironclad/600195237/
2022-08-03,192,-9.5,90,-1.72564213120754,4,24.0,119.0,https://www.tribuneindia.com/news/world/taiwan-scrambles-jets-as-22-chinese-fighters-cross-taiwan-strait-median-line-418502
2022-08-03,150,-7.2,642,-3.88855755215915,4,39.9289,116.388,https://www.kasu.org/2022-08-02/what-3-past-taiwan-strait-crises-can-teach-us-about-u-s-china-tensions-today
2022-08-03,150,-7.2,357,-3.82389234604566,4,25.0478,121.532,https://abcnews.go.com/International/wireStory/china-blocks-taiwan-imports-avoids-chip-disruption-87858952
2023-08-26,190,-10.0,104,-1.96606047676615,4,26.3358,127.801,https://www.reuters.com/world/asia-pacific/taiwan-reports-20-chinese-military-aircraft-entered-defence-zone-2023-08-26/
2021-12-23,151,-7.2,48,-2.47349823321555,4,41.7922,123.433,https://www.singaporestar.com/news/272006587/4-chinese-warplanes-flew-into-taiwan-air-defence-zone
2021-12-23,151,-7.2,74,-2.47644287396938,4,39.9289,116.388,https://news.webindia123.com/news/Articles/World/20211223/3879087.html
2023-08-19,150,-7.2,50,-2.92840803210553,4,25.0478,121.532,https://www.firstpost.com/world/china-launches-military-exercises-around-taiwan-as-stern-warning-13014322.html
2024-08-17,190,-10.0,42,-3.71234567623157,4,25.0478,121.532,https://tribune.net.ph/2024/08/17/three-crew-on-chinese-boat-missing-after-collision-off-taiwan-island
2024-05-23,150,-7.2,298,-3.85935163743347,4,-35.2833,149.217,https://www.hometownregister.com/news/national/chinas-military-surrounds-taiwan-as-punishment/article_9a75cd7e-585f-5603-bbd0-398801a1a26e.html
2024-05-23,150,-7.2,69,-4.32239383152609,4,39.9289,116.388,https://www.yahoo.com/news/china-holds-military-drills-around-014534591.html
2024-05-23,150,-7.2,52,-4.53206311087781,4,39.9289,116.388,https://www.yahoo.com/news/china-holds-military-drills-around-014534591.html
2024-05-23,150,-7.2,100,-4.6166231161599,4,25.0478,121.532,https://www.yahoo.com/news/china-holds-military-drills-around-014534591.html
2024-05-19,190,-10.0,80,-1.81360913481184,4,39.9289,116.388,https://www.cnn.com/2024/05/18/asia/tsai-taiwan-map-china-intl-hnk-dst/
2024-05-19,190,-10.0,80,-1.81360913481184,4,39.9289,116.388,https://www.cnn.com/2024/05/18/asia/tsai-taiwan-map-china-intl-hnk-dst/
2024-05-19,152,-7.2,154,-2.50024416973329,4,39.9289,116.388,https://www.theaustralian.com.au/news/latest-news/taiwan-coast-guard-ramps-up-island-patrols-ahead-of-inauguration/news-story/17dae1f4a9df936d62f1b797db0ba11c?nk=dba68234df3430486272b962366dd421-1716091303
2022-10-10,190,-10.0,54,0.640253815378263,4,25.0478,121.532,https://www.wral.com/elon-musks-unsolicited-idea-for-taiwan-welcomed-by-beijing-slammed-in-taipei/20515278/
2022-10-10,190,-10.0,54,0.640253815378263,4,25.0478,121.532,https://www.wral.com/elon-musks-unsolicited-idea-for-taiwan-welcomed-by-beijing-slammed-in-taipei/20515278/
2024-10-14,150,-7.2,96,-3.75046459716497,4,21.4167,121.5,"https://www.swissinfo.ch/eng/china-launches-war-games-around-taiwan,-drawing-ire-from-taipei,-washington/87725744"
2022-05-23,190,-10.0,63,-0.462145613309358,3,38.8951,-77.0364,https://lancasteronline.com/news/politics/biden-us-would-intervene-militarily-if-china-invades-taiwan/article_0a605717-2272-58ef-940d-a01abd7e3ddf.html
2022-03-06,150,-7.2,80,-2.63868134903217,4,39.9289,116.388,https://www.arabnews.com/node/2263131/world
2025-11-24,190,-10.0,61,1.1722563012479,4,39.9289,116.388,https://nationalpost.com/news/world/xi-presses-trump-on-taiwan-amid-spat-with-japan-china-says
2022-06-21,190,-10.0,136,-2.50522380576507,4,25.0478,121.532,https://news.webindia123.com/news/Articles/World/20220621/3954485.html
2022-06-10,190,-10.0,58,-3.49248263403666,4,25.0478,121.532,https://www.msn.com/en-ca/news/world/us-chinese-defense-ministers-meet-hoping-to-avoid-misunderstandings/ar-AAYiBpt
2025-01-25,190,-10.0,48,-2.21336783804692,4,39.9289,116.388,https://www.hometownregister.com/news/national/rubio-clashes-with-china-fm-on-taiwan/article_376b3c92-4f0c-527c-bb66-f0dbb6dabbd7.html
2023-06-03,190,-10.0,100,-4.15406342922151,4,25.0478,121.532,https://news.yahoo.com/theatre-democratic-taiwan-stages-hong-035440965.html
2022-02-26,151,-7.2,49,-1.28141478447634,4,39.9289,116.388,https://www.ctvnews.ca/world/china-says-u-s-warship-sailing-in-taiwan-strait-provocative-1.5797326
2022-01-05,151,-7.2,54,-2.6581893874852,4,25.0478,121.532,https://www.business-standard.com/article/international/7-military-aircrafts-of-chinese-pla-enter-taiwan-s-air-defence-zone-122010500179_1.html
2023-03-08,154,-7.2,50,-3.4553820883945,4,39.9289,116.388,https://www.ibtimes.com/studying-ukraine-war-chinas-military-minds-fret-over-us-missiles-starlink-3674688
2022-12-26,150,-7.2,54,-2.59052966767317,4,29.0,125.0,https://www.kake.com/story/48034254/china-carries-out-military-exercises-near-taiwan-and-japan
2022-12-26,150,-7.2,81,-2.82789276955048,4,25.0478,121.532,https://www.shanghaisun.com/news/273266961/china-responds-to-us-provocation
2024-07-30,190,-10.0,70,-4.09617547232247,4,24.4367,118.318,https://www.bignewsnetwork.com/news/274475230/bodies-of-fishermen-from-february-boat-incident-return-to-mainland
2022-08-02,194,-10.0,133,-2.6294260108993,4,24.4798,118.082,https://abcnews.go.com/International/wireStory/taiwanese-troops-shoot-drone-island-outpost-89155558
2024-07-22,190,-10.0,48,-3.70702313439291,4,39.9289,116.388,https://news.webindia123.com/news/Articles/World/20240722/4217404.html
2024-07-22,190,-10.0,58,-3.19794134180355,4,25.0478,121.532,https://news.webindia123.com/news/Articles/World/20240722/4217404.html
2024-07-22,150,-7.2,50,-3.70702313439291,4,23.0936,121.219,https://news.webindia123.com/news/Articles/World/20240722/4217404.html
2022-04-14,190,-10.0,112,-5.54560220334301,4,25.0478,121.532,https://www.gwinnettdailypost.com/news/taiwan-investigates-local-tv-network-after-it-aired-false-reports-of-chinese-invasion/article_9a0760e3-ecae-532d-9bfa-0db5f90a1e9e.html
2022-08-31,193,-10.0,82,-5.50418817937837,4,24.4367,118.318,https://www.record-eagle.com/ap/national/ap-news-summary-at-3-29-a-m-edt/article_1e34d509-a452-5319-868e-ce2622d75fc8.html
2022-08-31,193,-10.0,66,-4.17570869990225,4,39.9289,116.388,https://www.japantimes.co.jp/news/2022/08/31/asia-pacific/taiwan-china-drone-warning-shot/
2022-08-31,190,-10.0,682,-3.64131903632718,4,39.9289,116.388,https://www.sfgate.com/news/article/Taiwan-forces-fire-at-drones-flying-over-island-17409220.php
2022-08-31,190,-10.0,118,-3.35094299838719,4,25.0478,121.532,https://www.mirror.co.uk/news/world-news/taiwan-fires-shots-chinese-drone-27872109
2026-01-01,150,-7.2,262,-3.18187033839768,4,39.9289,116.388,https://www.sanfordherald.com/news/national/taiwans-president-vows-to-defend-sovereignty-after-china-drills/article_62d3b95b-57da-5dee-b909-476931383a76.html
2025-10-01,190,-10.0,56,-6.18321999891577,4,25.0478,121.532,http://www.cambodiantimes.com/news/278610855/could-china-conduct-a-surprise-invasion-of-taiwan
2023-04-06,150,-7.2,104,-0.781322592806226,4,25.0478,121.532,https://www.theaustralian.com.au/news/latest-news/us-house-speaker-meets-taiwan-president-despite-beijings-threats/news-story/9208a7b30b405fc3ccd4d82554a9db05?nk=4f9fd783cd46abef5e10b153ad8c7193-1680738398
2016-06-27,194,-10.0,240,-1.37014467281098,4,39.9289,116.388,http://www.themalaymailonline.com/world/article/taiwan-to-test-fire-missiles-in-us-as-china-tensions-rise
2016-06-27,150,-7.2,138,-1.1622329951219,4,39.9289,116.388,http://www.themalaymailonline.com/world/article/taiwan-to-test-fire-missiles-in-us-as-china-tensions-rise
2016-06-27,150,-7.2,50,-0.894173675614608,4,25.0478,121.532,https://www.yahoo.com/news/taiwan-test-fire-missiles-us-china-tensions-rise-112351298.html
2024-08-23,194,-10.0,120,-4.57307140013918,4,39.9289,116.388,https://www.yahoo.com/news/taiwan-leader-urges-unity-chinese-052743138.html
2024-08-23,193,-10.0,78,-4.57307140013918,4,39.9289,116.388,https://www.yahoo.com/news/taiwan-leader-urges-unity-chinese-052743138.html
2016-07-01,194,-10.0,236,-4.90829199825915,4,39.9289,116.388,http://www.thestar.com.my/news/world/2016/07/01/taiwan-navy-fires-missile-in-error-as-chinas-communists-mark-birthday/
2016-07-01,194,-10.0,189,-3.44258082150166,4,39.9289,116.388,http://arynews.tv/en/taiwan-mistakenly-fires-missile-towards-china/
2016-07-01,194,-10.0,83,-3.88349022333435,4,39.9289,116.388,http://arynews.tv/en/taiwan-mistakenly-fires-missile-towards-china/
2016-07-01,194,-10.0,50,-4.26631108923983,4,25.0478,121.532,http://tribune.com.pk/story/1134046/taiwan-mistakenly-fires-carrier-killer-missile-towards-china/
2016-07-01,194,-10.0,44,-5.22568884762992,4,25.0478,121.532,http://article.wn.com/view/2016/07/01/Taiwan_mistakenly_fires_supersonic_missile_towards_China_0/
2016-07-01,194,-10.0,135,-3.95270372852832,4,23.57,119.57,http://www.thehindu.com/news/international/taiwan-mistakenly-fires-supersonic-missile-towards-china/article8796433.ece
2016-07-01,194,-10.0,194,-4.25363091794959,4,24.2208,120.581,"South China Morning Post website, Hong Kong/BBC Monitoring/(c) BBC"
2022-08-04,194,-10.0,700,-4.22261521114685,4,28.7925,117.262,https://wflapanamacity.iheart.com/content/2022-08-04-china-launches-missile-as-it-begins-live-fire-military-drills-around-taiwan/
2022-08-04,194,-10.0,300,-4.22261521114685,4,32.95,116.642,https://wflapanamacity.iheart.com/content/2022-08-04-china-launches-missile-as-it-begins-live-fire-military-drills-around-taiwan/
2022-08-04,150,-7.2,56,-0.929870517519152,4,39.9289,116.388,https://www.wvnews.com/mineralnews/newsfeed/world/pelosi-tells-taiwan-us-commitment-to-democracy-is-ironclad/article_7857b3c1-7aa7-5724-89e5-bb14c5098169.html
2022-08-04,194,-10.0,159,-3.68163401500355,4,39.9289,116.388,https://www.investmentwatchblog.com/china-has-established-a-blockade-around-taiwan-and-plans-to-shoot-missiles-directly-over-the-island/
2022-08-04,150,-7.2,62,-3.85085075107738,4,39.9289,116.388,https://www.thestar.com.my/aseanplus/aseanplus-news/2022/08/04/china-begins-major-taiwan-military-drills-after-pelosi-visit
2022-08-04,191,-9.5,45,-3.66354783271452,4,39.9289,116.388,https://apnews.com/bcd77a80ddbece51f45c5fca4f60e22e
2022-08-04,194,-10.0,46,-3.20825433006932,4,25.0478,121.532,https://www.shorenewsnetwork.com/2022/08/04/china-fires-missiles-into/
2022-08-04,150,-7.2,96,-2.53025302530253,4,24.1098,113.005,https://www.msn.com/en-us/news/world/facing-growing-threats-from-china-these-big-war-games-are-how-taiwan-prepares-to-fend-off-a-chinese-invasion/ar-AA10igSj
2022-08-04,194,-10.0,50,-2.40304342789013,4,39.9289,116.388,https://www.msn.com/en-gb/news/world/taiwan-confirms-multiple-chinese-missile-launches-into-waters-of-taiwan-strait-during-military-drills-e2-80-93-live/ar-AA10hrWH
2022-08-04,150,-7.2,90,-3.81557672655331,4,24.0,119.0,https://www.ndtv.com/world-news/chinas-military-drills-after-nancy-pelosi-visit-irresponsible-warns-us-3222946
2022-08-04,194,-10.0,536,-4.77296396357928,4,24.0,119.0,https://www.wkms.org/npr-news/npr-news/2022-08-04/china-fires-waves-of-missiles-over-the-taiwan-strait-raising-tensions-in-the-region
2022-08-04,150,-7.2,378,-2.07019448741782,4,39.9289,116.388,https://www.stuff.co.nz/world/asia/300654066/china-tightens-noose-with-taiwan-blockade
2022-08-04,150,-7.2,130,-2.13996803714007,4,39.9289,116.388,https://inlandnewstoday.com/story.php?s=68209
2022-08-04,194,-10.0,265,-3.8809299990162,4,39.9289,116.388,https://inlandnewstoday.com/story.php?s=68209
2022-08-04,150,-7.2,68,-3.51435692186529,4,25.0478,121.532,https://www.nytimes.com/2022/08/03/world/asia/taiwan-china-military-exercises.html
2022-08-04,194,-10.0,281,-3.07482721195544,4,25.0478,121.532,https://www.bbc.com/news/live/world-asia-62404233
2022-08-04,194,-10.0,101,-2.07346885441713,3,38.8951,-77.0364,https://www.bignewsnetwork.com/news/272642549/china-fires-hypersonic-missiles-in-taiwan-blockade-drill---media
2024-04-05,154,-7.2,45,-0.0657462195923733,4,15.0,115.0,https://www.marketscreener.com/quote/index/MSCI-TAIWAN-STRD-107361484/news/U-S-China-hold-military-talks-in-Hawaii-46374108/
2024-07-13,150,-7.2,50,-1.52103436729475,4,39.9289,116.388,http://europe.chinadaily.com.cn/a/202407/13/WS6691db81a31095c51c50ddc6.html
2025-01-24,190,-10.0,56,-2.20078543192145,4,39.9289,116.388,https://www.yahoo.com/news/rubio-clashes-china-fm-taiwan-213227617.html
2025-01-24,190,-10.0,42,-2.20078543192145,4,39.9289,116.388,https://www.yahoo.com/news/rubio-clashes-china-fm-taiwan-213227617.html
2022-11-06,150,-7.2,50,-1.93861572189164,4,39.9289,116.388,https://www.chinanationalnews.com/news/273044149/taiwan-scrambles-jets-after-detecting-chinese-forces-nearby
2025-03-19,154,-7.2,42,-3.35860290873134,4,39.9289,116.388,https://www.hindustantimes.com/world-news/taiwan-practices-to-mobilise-troops-fast-if-china-drills-turn-into-attack-101742374870001.html
2025-02-27,193,-10.0,1026,-3.96406951424588,4,39.9289,116.388,https://www.ksat.com/news/world/2025/02/27/taiwan-condemns-china-for-conducting-shooting-drills-off-its-coast/
2025-02-27,193,-10.0,210,-3.96406951424588,4,39.9289,116.388,https://www.ksat.com/news/world/2025/02/27/taiwan-condemns-china-for-conducting-shooting-drills-off-its-coast/
2025-02-27,192,-9.5,204,-3.98306402370834,4,24.4367,118.318,https://www.ksat.com/news/world/2025/02/27/taiwan-condemns-china-for-conducting-shooting-drills-off-its-coast/
2025-02-27,192,-9.5,609,-3.98306402370834,4,24.4367,118.318,https://www.ksat.com/news/world/2025/02/27/taiwan-condemns-china-for-conducting-shooting-drills-off-its-coast/
2023-04-10,190,-10.0,118,-1.41340005506962,4,39.9289,116.388,https://thetimeshub.in/china-simulates-targeted-bombings-against-taiwan/
2023-04-10,150,-7.2,76,-2.35908705981088,4,24.0,119.0,https://www.leadertelegram.com/news/world/china-holds-a-second-day-of-military-exercises-around-taiwan/article_8261ae62-24e8-5e58-ab7a-19c52f2704e1.html
2023-04-10,190,-10.0,310,-2.67644665453947,4,24.0,119.0,https://www.ctvnews.ca/world/china-military-displays-force-toward-taiwan-after-tsai-trip-1.6348646
2023-04-10,195,-10.0,50,-2.25188048202695,4,24.0,119.0,https://www.channel3000.com/news/national-and-world-news/china-appears-to-simulate-first-aircraft-carrier-strike-on-taiwan/article_efea4eec-e491-5671-9220-77ef740002be.html
2023-04-10,190,-10.0,44,-2.57801405712369,4,39.9289,116.388,https://www.hindustantimes.com/world-news/chinataiwan-live-china-practices-sealing-off-taiwan-on-day-3-of-wargames-101681105741190.html
2023-04-10,150,-7.2,65,-2.4077764389807,4,25.0478,121.532,https://www.msn.com/en-sg/news/world/china-to-stage-taiwan-live-fire-drills/ar-AA19EMfj
2023-04-10,150,-7.2,55,-1.75579076786127,4,25.0478,121.532,https://www.theaustralian.com.au/news/latest-news/china-simulates-taiwan-strikes-in-second-day-of-joint-sword-drills/news-story/e8e6671f7cdb7909f8fe6b14c27755b2?nk=d23ff840b38c138ac9f55adc184aca8d-1681092995
2024-07-21,190,-10.0,46,-2.77633221482534,4,25.0478,121.532,https://www.bignewsnetwork.com/news/274463581/with-increased-chinese-pla-threat-taiwan-to-flag-off-exercise-han-kuang-on-monday
2024-11-06,190,-10.0,55,-3.32421545738475,4,39.9289,116.388,https://www.yahoo.com/news/taiwan-students-design-drones-mock-024139486.html
2024-11-06,190,-10.0,55,-3.32421545738475,4,39.9289,116.388,https://www.yahoo.com/news/taiwan-students-design-drones-mock-024139486.html
2023-04-01,190,-10.0,62,-3.53373169975166,4,39.9289,116.388,https://www.bignewsnetwork.com/news/273696950/taiwan-responds-to-chinese-combat-readiness-patrols
2024-01-08,150,-7.2,48,-3.97524613777559,4,25.0478,121.532,http://www.koreatimes.co.kr/www/world/2024/01/501_366490.html
2023-09-14,154,-7.2,78,0.684666379988355,5,26.545,117.843,https://www.ctvnews.ca/world/china-promotes-economic-integration-with-taiwan-while-militarily-threatening-the-island-1.6560961
2022-12-08,192,-9.5,112,-2.80915053591426,4,24.05,123.783,https://news.webindia123.com/news/Articles/World/20221208/4012385.html
2025-01-02,190,-10.0,80,-1.54780714581201,4,25.0478,121.532,https://www.marketscreener.com/news/latest/Taiwan-reports-first-Chinese-combat-patrol-of-the-New-Year-48671824/
2024-12-09,190,-10.0,42,-3.3672454744288,4,39.9289,116.388,https://economictimes.indiatimes.com/news/defence/taiwan-says-on-high-alert-after-chinas-military-restricts-airspace/articleshow/116130160.cms
2022-10-12,150,-7.2,75,-4.83517183548215,4,25.0478,121.532,https://gazette.com/news/us-world/taiwan-says-china-looking-at-ukraine-war-to-develop-hybrid-strategies/article_8af5f52f-3ca7-5500-936d-fc3603b8d434.html
2022-05-31,192,-9.5,102,-3.30248066048623,4,39.9289,116.388,https://www.msn.com/en-us/news/world/us-congressional-delegation-makes-surprise-visit-to-taiwan/ar-AAXT6Mq
2022-05-31,190,-10.0,110,-2.64913753069407,4,39.9289,116.388,https://news.webindia123.com/news/Articles/World/20220531/3947229.html
2022-05-31,190,-10.0,72,-2.64811913944455,4,39.9289,116.388,https://news.webindia123.com/news/Articles/World/20220531/3947229.html
2022-05-31,192,-9.5,96,-5.41956858026462,4,25.0478,121.532,https://www.msn.com/en-us/news/world/china-makes-second-largest-taiwan-defence-zone-incursion-this-year/ar-AAXUfzP
2023-07-14,191,-9.5,64,-3.30593730249716,4,24.1098,113.005,https://www.usnews.com/news/world/articles/2023-07-14/china-flexes-military-muscles-ahead-of-taiwans-war-games
2024-01-26,190,-10.0,56,-1.58228496792375,3,37.7749,-122.419,https://www.marketscreener.com/news/latest/Taiwan-reports-Chinese-combat-patrols-ahead-of-China-US-talks-45820987/
2024-10-23,150,-7.2,60,0.39840637450199,4,39.9289,116.388,https://www.northkoreatimes.com/news/274739328/in-2-billion-arms-sales-to-taiwan-us-approves-missile-defense-system
2024-10-23,150,-7.2,60,0.332808550743261,4,39.9289,116.388,https://www.bignewsnetwork.com/news/274739328/us-approves-2-billion-in-arms-sales-to-taiwan
2022-08-02,194,-10.0,46,-1.18092477996859,4,39.9289,116.388,https://abcnews.go.com/Politics/china-military-provocations-tied-pelosi-visit-taiwan-white/story?id=87761483
2022-08-02,150,-7.2,137,-4.27201318574487,4,39.9289,116.388,https://www.msn.com/en-us/news/world/this-is-how-china-could-hit-back-over-pelosis-taiwan-visit/ar-AA10dbZs
2016-05-19,190,-10.0,98,-3.84362387514058,4,25.0478,121.532,http://www.firstlightradio.com/news/taipei-zoo-photo-debunks-rumors-of-beloved-pandas-death/
2023-07-25,150,-7.2,88,-4.69777127106769,4,24.1098,113.005,https://www.michigansthumb.com/news/world/article/strong-typhoon-blows-closer-to-northern-18258840.php
2023-07-26,195,-10.0,98,-4.4750430292599,4,24.1098,113.005,https://www.taiwannews.com.tw/en/news/4954783
2023-07-26,150,-7.2,124,-6.32701692475198,4,24.1098,113.005,https://www.seattletimes.com/nation-world/typhoon-blows-off-roofs-floods-villages-and-displaces-thousands-in-northern-philippines/
2023-07-26,150,-7.2,60,-6.33938039382156,4,24.1098,113.005,https://www.seattletimes.com/nation-world/typhoon-blows-off-roofs-floods-villages-and-displaces-thousands-in-northern-philippines/
2024-12-11,150,-7.2,120,-1.23598611442327,4,39.9289,116.388,https://www.news4jax.com/news/world/2024/12/11/taiwan-demands-that-china-end-its-military-activity-in-nearby-waters/
2024-12-11,150,-7.2,94,-1.2401516482065,4,39.9289,116.388,https://www.burytimes.co.uk/news/national/24786331.taiwan-demands-china-ends-military-activity-nearby-waters/
2024-12-11,150,-7.2,94,-1.2401516482065,4,39.9289,116.388,https://www.burytimes.co.uk/news/national/24786331.taiwan-demands-china-ends-military-activity-nearby-waters/
2024-12-11,150,-7.2,122,-1.23221644397869,4,39.9289,116.388,https://www.news4jax.com/news/world/2024/12/11/taiwan-demands-that-china-end-its-military-activity-in-nearby-waters/
2024-12-11,150,-7.2,374,-1.23044681504321,4,24.0,119.0,https://www.news4jax.com/news/world/2024/12/11/taiwan-demands-that-china-end-its-military-activity-in-nearby-waters/
2024-12-11,150,-7.2,63,-1.20572567747153,4,25.0478,121.532,https://www.yahoo.com/news/taiwan-demands-china-end-military-063252539.html
2022-10-05,150,-7.2,80,-4.91651157981804,4,25.0478,121.532,https://www.taiwansun.com/news/272816963/us-can-upset-chinese-blockade-strategy-of-taiwan-navy-commander
2023-06-09,190,-10.0,52,2.62895377169656,4,39.9289,116.388,https://www.clickondetroit.com/news/world/2023/06/09/honduran-president-begins-first-visit-to-china-since-breaking-off-ties-with-taiwan/
2023-06-09,190,-10.0,402,2.16249381552503,4,39.9289,116.388,https://www.theintelligencer.com/news/politics/article/honduran-president-begins-first-visit-to-china-18143620.php
2023-06-09,190,-10.0,344,2.16249381552503,4,25.0478,121.532,https://www.theintelligencer.com/news/politics/article/honduran-president-begins-first-visit-to-china-18143620.php
2023-06-09,190,-10.0,402,2.16249381552503,4,39.9289,116.388,https://www.theintelligencer.com/news/politics/article/honduran-president-begins-first-visit-to-china-18143620.php
2023-06-09,190,-10.0,344,2.16249381552503,4,25.0478,121.532,https://www.theintelligencer.com/news/politics/article/honduran-president-begins-first-visit-to-china-18143620.php
2023-06-09,190,-10.0,52,2.62895377169656,4,39.9289,116.388,https://www.clickondetroit.com/news/world/2023/06/09/honduran-president-begins-first-visit-to-china-since-breaking-off-ties-with-taiwan/
2023-06-09,190,-10.0,198,2.15821388541365,4,39.9289,116.388,https://www.theintelligencer.com/news/politics/article/honduran-president-begins-first-visit-to-china-18143620.php
2023-06-09,190,-10.0,198,2.15821388541365,4,39.9289,116.388,https://www.theintelligencer.com/news/politics/article/honduran-president-begins-first-visit-to-china-18143620.php
2022-12-27,150,-7.2,89,-3.78107685508736,4,25.0478,121.532,http://www.msn.com/en-us/news/world/us-blasts-china-s-military-drills-near-taiwan-as-provocative/ar-AA15H2OQ
2025-11-25,190,-10.0,49,0.975283179590646,4,39.9289,116.388,https://www.rnz.co.nz/news/world/579966/xi-jinping-tells-doland-trump-taiwan-s-return-to-china-is-a-key-part-of-beijing-s-vision
2023-04-04,151,-7.2,105,-0.453680186894922,4,39.9289,116.388,https://news.yahoo.com/punching-pooh-unofficial-airforce-badge-073404289.html
2024-05-03,190,-10.0,140,-1.78589319478441,4,39.9289,116.388,https://www.marketscreener.com/quote/index/MSCI-TAIWAN-STRD-107361484/news/Taiwan-says-Chinese-planes-crossed-median-line-China-carries-out-landing-drills-46612718/
2022-01-04,154,-7.2,84,-2.82511603585296,4,39.9289,116.388,https://www.msn.com/en-us/news/world/china-us-uk-france-and-russia-pledge-to-avoid-nuclear-war/ar-AASpmnF
2016-12-12,150,-7.2,72,-3.29084812511992,3,38.8951,-77.0364,http://www.dailymail.co.uk/wires/ap/article-4026638/Trump-ups-US-ante-Taiwan-China-leverage-too.html
2016-12-12,150,-7.2,42,-2.19366522571244,4,39.9289,116.388,https://www.yahoo.com/news/taiwan-frets-being-pawn-trump-set-u-china-120205094.html
2016-12-12,150,-7.2,95,-2.57564131538823,4,39.9289,116.388,https://www.yahoo.com/news/taiwan-frets-being-pawn-trump-set-u-china-120205094.html
2016-12-12,150,-7.2,72,-3.29084812511992,4,39.9289,116.388,http://www.dailymail.co.uk/wires/ap/article-4026638/Trump-ups-US-ante-Taiwan-China-leverage-too.html
2016-12-12,150,-7.2,48,-2.30845976640342,4,25.0478,121.532,https://www.yahoo.com/news/taiwan-frets-being-pawn-trump-set-u-china-120205094.html
2024-08-19,190,-10.0,264,-7.28864960534969,4,16.45,120.55,https://www.winnipegfreepress.com/world/2024/08/18/china-accuses-the-philippines-of-deliberately-crashing-one-of-its-ships-into-a-chinese-vessel
2024-08-19,190,-10.0,44,-7.31806037604316,4,16.45,120.55,https://abcnews.go.com/International/wireStory/china-accuses-philippines-deliberately-crashing-ships-chinese-vessel-112936283
2025-04-04,190,-10.0,100,-4.41414614766372,4,39.9289,116.388,https://www.yahoo.com/news/china-floats-battle-barges-taiwan-072454383.html
2025-04-04,190,-10.0,48,-4.41414614766372,4,25.0177,121.174,https://www.yahoo.com/news/china-floats-battle-barges-taiwan-072454383.html
2024-12-06,192,-9.5,157,-1.52608150647932,4,39.9289,116.388,https://www.independent.co.uk/news/taiwan-ap-china-palau-taipei-b2659933.html
2022-01-21,150,-7.2,49,-0.653995953722685,4,35.685,139.751,https://www.startribune.com/biden-kishida-1st-formal-talks-touch-on-china-nuke-weapons/600138056/
2025-04-02,150,-7.2,85,-4.91060366133082,4,39.9289,116.388,https://www.firstpost.com/world/chinas-military-conducts-major-exercises-near-taiwan-us-condemns-intimidation-13876531.html
2025-04-02,150,-7.2,71,-5.40989061737231,4,39.9289,116.388,https://www.yahoo.com/news/china-launches-military-drills-taiwan-013925363.html
2025-07-09,190,-10.0,102,-4.26793358318376,4,24.1098,113.005,https://www.yahoo.com/news/taiwan-launches-annual-war-games-010821536.html
2023-09-03,192,-9.5,129,-6.76717878129838,4,24.0,119.0,https://mymixfm.com/2023/09/02/thousands-evacuated-flights-cancelled-as-taiwan-girds-for-typhoon-haikui/
2017-05-25,190,-10.0,143,-5.36648411058138,4,39.9289,116.388,http://www.dailymail.co.uk/wires/afp/article-4540320/Taiwan-war-games-simulate-China-invasion.html
2022-11-09,154,-7.2,44,-0.901273999187329,4,39.9289,116.388,https://www.indiapost.com/xi-orders-chinese-military-to-prepare-for-war-amid-tension-with-taiwan/
2023-06-01,190,-10.0,120,-1.81465273458256,4,39.9289,116.388,https://www.cnn.com/2023/06/01/asia/taiwan-china-tensions-kinmen-island-dmz-intl-hnk/
2022-12-25,150,-7.2,60,-3.3382991930478,4,25.0478,121.532,https://www.taiwansun.com/news/273266288/china-responds-to-us-provocation
2022-12-25,150,-7.2,90,-3.3382991930478,4,39.9289,116.388,https://www.taiwansun.com/news/273266288/china-responds-to-us-provocation
2024-04-29,191,-9.5,42,-3.13255516741157,4,24.4367,118.318,https://www.albawaba.com/news/taiwan-urges-china-resume-talks-without-preset-comditions-1563618
2025-10-29,154,-7.2,42,-3.28200256285626,4,25.0478,121.532,http://www.bignewsnetwork.com/news/278662092/taiwan-reports-increase-in-chinese-military-activity-with-five-plan-vessels-25-pla-aircraft-sorties-near-its-territory
2023-09-18,151,-7.2,88,-3.55989793842834,4,39.9289,116.388,https://news.yahoo.com/taiwan-says-103-chinese-warplanes-020012691.html
2023-09-18,151,-7.2,110,-0.103305785123967,4,25.0478,121.532,https://www.newwestrecord.ca/world-news/taiwan-says-103-chinese-warplanes-flew-toward-the-island-in-a-new-daily-high-in-recent-times-7560546
2023-08-25,150,-7.2,44,-4.18105435280376,4,39.9289,116.388,https://www.skynews.com.au/world-news/china-vows-forceful-resolute-measures-if-united-states-does-not-stop-arming-taiwan-after-biden-administration-approves-500m-weapons-package/news-story/ba3a1b7e7ba9dd7cbaffb8aa8a53a3b5
2023-08-25,150,-7.2,187,-3.90354072159011,4,39.9289,116.388,https://apnews.com/article/william-lai-taiwan-china-trade-elections-1ea93d53661929bac7f8ac9dbb1f1f6a
2024-09-25,150,-7.2,152,-3.09288207440443,4,39.9289,116.388,https://www.nvdaily.com/associated_press_national/china-test-fires-an-intercontinental-ballistic-missile-into-the-pacific-ocean/article_aad66612-9730-52c5-a4c5-052f94c29a70.html
2024-09-25,152,-7.2,50,-2.49433106575964,4,39.9289,116.388,https://www.aninews.in/news/world/asia/chinas-military-presence-intensifies-around-taiwan-triggers-alert20240925134240/
2022-11-13,151,-7.2,108,-1.53281227400514,4,25.1466,121.399,https://accesswdun.com/article/2022/11/1146877
2022-11-13,195,-10.0,112,-1.53993624509663,4,25.1466,121.399,https://accesswdun.com/article/2022/11/1146877
2022-01-24,154,-7.2,96,-0.11961722488039,4,26.5,128.0,https://www.australiannews.net/news/272227195/china-flies-dozens-of-warplanes-toward-taiwan-in-latest-incursions
2019-01-15,194,-10.0,248,-2.54171315666133,4,39.9289,116.388,https://www.washingtonpost.com/world/national-security/defense-intel-report-fuels-worries-of-china-attack-on-taiwan/2019/01/15/092bcdf6-190d-11e9-b8e6-567190c2fd08_story.html
2019-01-15,190,-10.0,80,-2.4234693877551,4,39.9289,116.388,https://www.stamfordadvocate.com/news/article/Defense-intel-report-fuels-worries-of-China-13536187.php
2019-01-15,190,-10.0,540,-0.971635250811628,4,39.9289,116.388,https://www.kiro7.com/news/politics/defense-intel-report-fuels-worries-of-china-attack-on-taiwan/904964485
2016-08-01,190,-10.0,50,-2.19299891506454,4,39.9289,116.388,http://www.dailymail.co.uk/wires/ap/article-3717643/Taiwan-president-apologizes-aboriginals-suffering.html
2016-08-01,190,-10.0,932,-1.83436087976306,4,39.9289,116.388,http://www.nytimes.com/aponline/2016/08/01/world/asia/ap-as-taiwan-aboriginal-apology.html
2016-08-01,190,-10.0,64,-1.76092306041594,4,39.9289,116.388,http://wtop.com/asia/2016/08/taiwan-president-apologizes-to-aboriginals-for-suffering/
2016-08-01,190,-10.0,50,-2.19299891506454,4,39.9289,116.388,http://www.dailymail.co.uk/wires/ap/article-3717643/Taiwan-president-apologizes-aboriginals-suffering.html
2016-08-01,190,-10.0,174,-1.80763474462804,4,25.0478,121.532,http://www.thehour.com/news/world/article/Taiwan-president-apologizes-to-aboriginals-for-8927331.php
2016-08-01,190,-10.0,64,-1.76092306041594,4,39.9289,116.388,http://wtop.com/asia/2016/08/taiwan-president-apologizes-to-aboriginals-for-suffering/
2016-08-01,190,-10.0,932,-1.83436087976306,4,39.9289,116.388,http://www.nytimes.com/aponline/2016/08/01/world/asia/ap-as-taiwan-aboriginal-apology.html
2016-08-01,190,-10.0,174,-1.80763474462804,4,25.0478,121.532,http://www.thehour.com/news/world/article/Taiwan-president-apologizes-to-aboriginals-for-8927331.php
2022-11-12,194,-10.0,120,-4.66733308895872,4,39.9289,116.388,https://news.yahoo.com/japanese-island-holds-disaster-drill-085801970.html
2025-02-16,150,-7.2,110,-3.36134453781513,3,21.3069,-157.858,https://www.classy100.com/news/chinas-ramped-up-exercises-may-be-fig-leaf-for-invasion/
2023-03-24,194,-10.0,60,-4.42680365555997,4,39.9289,116.388,https://www.voanews.com/a/taiwan-tensions-fuel-anxiety-on-japan-s-tiny-yonaguni-island-/7019581.html
2024-01-09,150,-7.2,62,-0.0176549408076238,4,25.0478,121.532,https://news.yahoo.com/taiwan-ruling-party-candidate-maintain-013214478.html
2023-04-06,150,-7.2,66,-2.38319427836797,4,39.9289,116.388,https://economictimes.indiatimes.com/news/international/world-news/china-to-ban-vessels-from-area-near-taiwan-over-rocket-debris/articleshow/99460237.cms
2023-04-06,150,-7.2,60,-2.11695801676837,4,42.8333,124.633,https://www.perthnow.com.au/politics/china-to-ban-vessels-near-taiwan-over-rocket-debris-c-10340481
2024-05-24,150,-7.2,44,-3.80927265940876,4,39.9289,116.388,https://english.aawsat.com/world/5023887-philippine-defense-chief-says-taiwan-strait-situation-internal-matter
2024-05-02,190,-10.0,56,-2.58789352732819,4,39.9289,116.388,https://foreignpolicy.com/2024/05/01/uk-rwanda-migrant-deportation-asylum-seekers-ireland/
2025-07-17,195,-10.0,138,-4.60632588168804,4,25.0478,121.532,https://www.straitstimes.com/asia/east-asia/taipei-holds-air-raid-drill-to-prepare-for-chinese-attack
2026-04-08,192,-9.5,66,1.84771749989141,4,25.0478,121.532,https://aninews.in/news/world/asia/chinas-covert-push-into-taiwan-expands-to-grassroots-military-targets20260408162913/
2022-06-14,150,-7.2,578,-0.79022030347872,4,39.9289,116.388,https://news.yahoo.com/biden-dispatching-sullivan-tokyo-talks-002941245.html
2023-04-12,190,-10.0,128,-1.36469596946254,4,39.9289,116.388,https://www.voanews.com/a/experts-eye-future-of-u-s--china-relations/7046240.html
2023-04-12,150,-7.2,115,-3.09789255945958,4,39.9289,116.388,https://www.cbs58.com/news/military-exercises-suggest-china-is-getting-ready-to-launch-a-war-against-taiwan-islands-foreign-minister-tells-cnn
2023-04-12,190,-10.0,110,-1.31808325794454,4,39.9289,116.388,https://www.bignewsnetwork.com/news/273733238/experts-eye-future-of-us-china-relations
2023-04-12,191,-9.5,110,-1.31808325794454,4,24.0,121.0,https://www.bignewsnetwork.com/news/273733238/experts-eye-future-of-us-china-relations
2023-04-12,150,-7.2,364,-0.887992734842152,4,25.0478,121.532,https://www.wthitv.com/news/military-exercises-suggest-china-is-getting-ready-to-launch-a-war-against-taiwan-taiwanese-foreign/article_4f79c033-1b85-5865-acc0-b5b4ae3b3e46.html
2023-04-12,150,-7.2,86,-1.98267381127018,4,39.9289,116.388,https://www.usnews.com/news/world/articles/2023-04-11/macron-comments-leave-senior-taiwanese-official-puzzled
2024-05-28,150,-7.2,240,-4.53217893352447,4,40.4,-3.68333,https://www.shanghaisun.com/news/274386966/chinext-index-opens-lower-tuesday
2022-01-12,151,-7.2,61,-2.16525938366234,4,25.0478,121.532,https://economictimes.indiatimes.com/news/defence/five-chinese-military-planes-enter-taiwans-air-defence-zone/articleshow/88854257.cms
2026-01-02,150,-7.2,72,-5.5705647157853,4,39.9289,116.388,http://www.vietnamtribune.com/news/278786436/usa-cautions-china-to-pull-back-as-tensions-escalate-between-beijing-and-taiwan
2026-01-02,150,-7.2,128,-3.90204549406275,4,39.9289,116.388,https://www.newkerala.com/news/a/taiwans-national-security-council-thanks-us-calling-restraint-505.htm
2023-01-20,192,-9.5,180,-0.834287041183592,4,39.9289,116.388,https://www.voanews.com/a/taiwan-broadcaster-aims-to-fill-gaps-in-coverage-/6927202.html
2023-01-27,150,-7.2,80,-3.9908779931585,4,39.9289,116.388,https://www.beijingbulletin.com/news/273438429/china-needs-to-do-the-right-thing-if-mccarthy-goes-to-taiwan
2022-10-20,190,-10.0,60,-2.12389380530973,4,39.9289,116.388,https://www.taiwansun.com/news/272955733/us-navy-should-be-ready-to-fight-tonight-top-admiral
2022-10-20,190,-10.0,80,-2.12389380530973,4,39.9289,116.388,https://www.taiwansun.com/news/272955733/us-navy-should-be-ready-to-fight-tonight-top-admiral
2022-10-22,192,-9.5,290,1.92562492540135,4,39.9289,116.388,https://www.kedm.org/npr-news/npr-news/2022-10-22/chinas-communist-party-moves-to-solidify-xi-jinpings-power-in-leadership-shuffle
2024-10-15,150,-7.2,56,-4.60481323688904,4,25.0478,121.532,https://www.gfwadvertiser.ca/china-has-started-military-exercises-around-taiwan/
2023-02-01,192,-9.5,101,-2.12194031500144,4,39.9289,116.388,https://www.thestandard.com.hk/breaking-news/section/3/199811/Taiwan-activates-defenses-in-response-to-China-incursions&nbsp
2023-02-01,192,-9.5,128,-2.54943810646341,4,25.0478,121.532,http://www.msn.com/en-us/news/world/taiwan-activates-defenses-in-response-to-china-incursions/ar-AA16Yun6
2016-12-13,150,-7.2,110,-3.19381889263705,4,39.9289,116.388,http://www.fredericknewspost.com/public/ap/trump-ups-u-s-ante-on-taiwan-but-china-has/article_8f41c70f-3180-5e6f-83a2-6606e76f33bd.html
2016-12-13,152,-7.2,54,-3.56645836153375,4,39.9289,116.388,http://www.cnn.com/2016/12/13/asia/taiwan-china-trump/
2017-03-16,190,-10.0,110,-3.45813863246407,4,39.9289,116.388,https://www.yahoo.com/news/taiwan-says-capable-strike-against-china-113335547.html
2016-05-20,150,-7.2,62,1.07278952417171,4,39.9289,116.388,https://espresso.economist.com/3b9d6e5e779c8f46c5765c194a04b59a
2016-05-20,190,-10.0,192,1.02742233253348,4,39.9289,116.388,http://news.findlaw.com/apnews/ed3c65a9a0204c1f8219736d78af0133
2016-05-20,190,-10.0,239,-3.20829203389919,4,39.9289,116.388,http://macaudailytimes.com.mo/taiwan-leader-faces-thornier-ties-china-growth-woes.html
2016-05-20,190,-10.0,192,1.02742233253348,4,39.9289,116.388,http://news.findlaw.com/apnews/ed3c65a9a0204c1f8219736d78af0133
2016-05-20,150,-7.2,1468,1.06079444713968,4,39.9289,116.388,http://news.findlaw.com/apnews/ed3c65a9a0204c1f8219736d78af0133
2016-05-20,190,-10.0,288,1.02742233253348,4,39.9289,116.388,http://news.findlaw.com/apnews/ed3c65a9a0204c1f8219736d78af0133
2016-05-20,190,-10.0,288,1.02742233253348,4,39.9289,116.388,http://news.findlaw.com/apnews/ed3c65a9a0204c1f8219736d78af0133
2025-12-29,150,-7.2,80,-3.38287940978044,4,39.9289,116.388,https://www.cnbc.com/2025/12/29/china-launches-war-games-around-taiwan-as-island-vows-to-defend-democracy.html
2022-05-15,195,-10.0,88,-7.29133604928717,4,39.9289,116.388,https://news.webindia123.com/news/Articles/World/20220515/3941913.html
2023-08-23,190,-10.0,80,-1.04260856964574,4,39.9289,116.388,https://news.yahoo.com/frontline-island-china-taiwan-president-064338583.html
2023-08-23,190,-10.0,80,-1.04260856964574,4,39.9289,116.388,https://news.yahoo.com/frontline-island-china-taiwan-president-064338583.html
2017-02-07,192,-9.5,162,-0.818272618108409,4,25.0478,121.532,http://www.dnaindia.com/world/report-taiwan-to-build-66-jet-trainer-aircraft-by-2026-to-bolster-defences-2314626
2018-03-27,190,-10.0,46,-4.83509720797377,4,39.9289,116.388,http://www.businessinsider.com/china-taiwan-future-fight-may-devastate-major-us-city-2018-3
2018-03-28,190,-10.0,70,-4.79452054794521,4,39.9289,116.388,https://www.ctpost.com/technology/businessinsider/article/Why-a-future-fight-between-China-and-Taiwan-might-12786270.php
2018-03-28,190,-10.0,56,-4.79452054794521,3,38.8951,-77.0364,https://www.ctpost.com/technology/businessinsider/article/Why-a-future-fight-between-China-and-Taiwan-might-12786270.php
2023-04-05,194,-10.0,194,-1.23135928522727,4,24.0,119.0,https://menafn.com/1105949514/China-Conducts-Joint-Patrol-in-Taiwan-Strait-Before-Taiwan-US-Meeting
2023-04-05,150,-7.2,424,-0.453556062349301,4,25.0478,121.532,https://www.france24.com/en/live-news/20230405-us-house-speaker-meets-taiwan-president-despite-beijing-s-threats
2016-07-29,190,-10.0,64,-6.72029284809136,5,48.0,128.0,http://www.shanghaidaily.com/nation/Memorial-service-held-in-Dalian-for-Taiwan-bus-fire-victims/shdaily.shtml
2024-08-20,194,-10.0,690,-2.39665333502201,4,22.1094,120.874,https://www.ipswichstar.co.uk/news/national/24529294.taiwan-conducts-live-fire-missile-drills-china-ramps-military-threats/
2022-07-30,150,-7.2,1465,-2.14678777633237,4,39.9289,116.388,https://www.sfgate.com/news/article/China-announces-military-exercise-opposite-Taiwan-17339911.php
2022-07-28,150,-7.2,42,-3.43949044585988,4,24.1098,113.005,https://www.dailytelegraph.com.au/news/world/chinese-president-xi-jinping-warns-joe-biden-not-to-play-with-fire/news-story/869e21c732d3ac283b593612c969e289?nk=d68472e4e511a106dc4d75f8c05eeb75-1659039388
2022-07-30,190,-10.0,60,-2.25563909774436,4,39.9289,116.388,https://www.bignewsnetwork.com/news/272637930/china-conducts-military-exercises-amid-tensions-with-us
2020-05-13,150,-7.2,68,0.0778383186923176,4,25.0478,121.532,https://www.nytimes.com/aponline/2020/05/12/world/asia/ap-as-taiwan-poll-.html
2025-12-30,150,-7.2,208,-3.54561413533731,4,39.9289,116.388,https://www.edenmagnet.com.au/story/9143083/china-launches-biggest-war-games-to-date-around-taiwan/
2025-12-30,194,-10.0,60,-3.91250891250015,4,39.9289,116.388,https://nypost.com/2025/12/30/world-news/china-fires-rockets-towards-taiwan-in-war-games-simulating-blockade/
2025-12-30,150,-7.2,108,-3.77338636666612,4,25.0478,121.532,https://www.edenmagnet.com.au/story/9143083/china-launches-biggest-war-games-to-date-around-taiwan/
2025-12-30,150,-7.2,148,-3.26074391784415,4,25.0478,121.532,https://www.juneesoutherncross.com.au/story/9143083/rockets-fired-as-china-simulates-blockade-of-taiwan/
2025-12-30,194,-10.0,52,-3.87466418450235,4,25.0478,121.532,https://nypost.com/2025/12/30/world-news/china-fires-rockets-towards-taiwan-in-war-games-simulating-blockade/
2022-06-01,190,-10.0,60,-1.33090518291882,4,25.0478,121.532,http://www.hngn.com/articles/242455/20220531/joe-biden-warned-critic-taiwan-stance-against-china-will-end.htm
2022-01-01,192,-9.5,130,-1.80278765407862,4,39.9289,116.388,https://www.msn.com/en-us/news/world/taiwan-leader-urges-china-to-curb-military-adventurism/ar-AASkd9e
2023-03-07,195,-10.0,75,-1.66270783847981,4,39.9289,116.388,https://www.europesun.com/news/273600054/chinas-military-spending-outpaces-economic-growth-target
2023-03-07,195,-10.0,75,-1.66270783847981,4,31.2222,121.458,https://www.europesun.com/news/273600054/chinas-military-spending-outpaces-economic-growth-target
2023-04-08,150,-7.2,63,-2.53487309695704,4,39.9289,116.388,https://asia.nikkei.com/Politics/International-relations/Taiwan-tensions/China-announces-drills-around-Taiwan-after-Tsai-meets-U.S.-Speaker
2023-04-08,150,-7.2,69,-1.83282096293804,4,24.0,119.0,https://www.usnews.com/news/world/articles/2023-04-07/china-announces-drills-around-taiwan-after-us-speaker-meeting
2023-04-08,150,-7.2,45,-2.0152046331828,4,25.0478,121.532,https://news.yahoo.com/china-announces-drills-around-taiwan-005104364.html
2023-04-08,194,-10.0,116,-1.98506363404282,4,25.0478,121.532,https://www.reuters.com/world/china-announces-drills-around-taiwan-after-us-speaker-meeting-2023-04-08/
2023-04-08,150,-7.2,143,-2.20233325131213,4,25.0478,121.532,https://www.msn.com/en-au/news/world/pelosi-leaves-taiwan-as-china-accused-of-invading-territory-in-show-of-force/ar-AA10fr5o
2023-04-08,151,-7.2,60,-2.05123261862185,4,25.0478,121.532,https://www.ibtimes.com/taiwanese-keep-dancing-shadow-china-drills-3684332
2023-04-08,190,-10.0,270,-3.90465278899958,4,25.0327,121.275,https://abc7news.com/china-starts-3-days-of-combat-readiness-patrol-exercises-around-taiwan/13101545/
2023-11-08,154,-7.2,117,-0.638873167927639,4,23.7822,116.151,https://www.voanews.com/a/he-lifeng-china-s-new-economic-czar-or-executor-of-xi-s-orders-/7346253.html
2019-03-21,190,-10.0,102,0.558071963930597,4,25.0478,121.532,https://uk.reuters.com/article/uk-taiwan-china/china-urges-u-s-to-block-taiwan-leaders-hawaii-stop-over-idUKKCN1R2089
2019-03-21,190,-10.0,102,0.558071963930597,4,25.0478,121.532,https://uk.reuters.com/article/uk-taiwan-china/china-urges-u-s-to-block-taiwan-leaders-hawaii-stop-over-idUKKCN1R2089
2016-07-19,190,-10.0,55,-5.51752205066928,5,41.0,123.0,https://in.news.yahoo.com/26-chinese-tourists-killed-taiwan-bus-fire-080408881.html
2018-04-19,190,-10.0,55,-3.32034375835848,4,39.9289,116.388,https://ca.reuters.com/article/topNews/idCAKBN1HQ04G-OCATP
2018-04-19,150,-7.2,166,-1.38838654118605,4,39.9289,116.388,https://uk.reuters.com/article/uk-china-taiwan/china-carries-out-low-key-live-fire-drills-after-warning-taiwan-idUKKBN1HQ044
2018-04-19,150,-7.2,72,-1.79175876019049,4,39.9289,116.388,http://news.trust.org/item/20180419072209-btosc
2018-04-17,150,-7.2,78,1.27209468682856,4,39.9289,116.388,http://www.dailymail.co.uk/wires/afp/article-5624171/Taiwan-leader-says-island-secure-ahead-China-drills.html
2018-04-18,150,-7.2,42,-4.81141134184204,4,24.9139,118.586,http://www.businessinsider.com/taiwan-china-live-fire-military-cheap-intimidation-2018-4
2018-04-19,150,-7.2,120,-3.27608966653029,4,24.0,119.0,https://ca.reuters.com/article/topNews/idCAKBN1HQ04G-OCATP
2018-04-17,150,-7.2,123,1.27209468682856,4,39.9289,116.388,http://www.dailymail.co.uk/wires/afp/article-5624171/Taiwan-leader-says-island-secure-ahead-China-drills.html
2018-04-18,150,-7.2,42,-5.2039890915483,4,39.9289,116.388,https://in.reuters.com/article/china-taiwan-drills/taiwan-says-beijing-sabre-rattling-as-china-starts-military-drills-idINKBN1HP0DE
2018-04-18,150,-7.2,184,-5.18422141666404,4,24.4367,118.318,https://in.reuters.com/article/china-taiwan-drills/taiwan-says-beijing-sabre-rattling-as-china-starts-military-drills-idINKBN1HP0DE
2018-04-19,150,-7.2,44,-1.29121770712155,4,21.4167,121.5,https://www.financialexpress.com/defence/china-carries-out-live-fire-drills-to-warn-taiwan/1138119/
2014-05-15,193,-10.0,274,0.894268768445757,4,39.9289,116.388,http://www.nation.com.pk/international/16-May-2014/up-to-21-dead-as-anti-china-riots-spread-in-vietnam
2015-12-27,190,-10.0,190,-4.26006070728814,4,39.9289,116.388,http://www.sfgate.com/news/world/article/Taiwan-presidential-candidates-clash-over-China-6722284.php
2018-06-26,190,-10.0,69,-2.76602195352977,4,25.0478,121.532,https://www.yahoo.com/news/chinese-warships-drill-waters-near-taiwan-082525706.html
2022-09-28,150,-7.2,78,-1.05220931733471,4,25.0478,121.532,https://kelo.com/2022/09/27/buttigieg-backs-taiwan-participation-in-un-civil-aviation-body/
2022-08-07,194,-10.0,235,-4.17586571226863,5,22.4956,120.614,https://www.sfgate.com/news/article/China-keeps-up-pressure-on-Taiwan-with-4th-day-of-17357276.php
2022-08-07,190,-10.0,583,-4.1750111777212,4,25.0478,121.532,https://www.gazetteseries.co.uk/news/national/20606460.china-keeps-pressure-taiwan-fourth-day-military-drills/
2022-08-07,190,-10.0,1420,-4.16197813752255,4,39.9289,116.388,https://www.sfgate.com/news/article/China-keeps-up-pressure-on-Taiwan-with-4th-day-of-17357276.php
2022-08-07,150,-7.2,66,-3.8744921375617,4,25.0478,121.532,https://mb.com.ph/2022/08/07/taiwan-accuses-beijing-of-simulating-invasion-as-us-china-relations-nosedive/
2022-08-07,190,-10.0,113,-4.14005521158112,4,25.0478,121.532,https://www.sfgate.com/news/article/China-keeps-up-pressure-on-Taiwan-with-4th-day-of-17357276.php
2022-08-07,194,-10.0,93,-4.3010752688172,5,22.4956,120.614,https://www.gazetteseries.co.uk/news/national/20606460.china-keeps-pressure-taiwan-fourth-day-military-drills/
2019-01-16,194,-10.0,490,-2.57844035429258,4,39.9289,116.388,https://www.miamiherald.com/news/business/technology/article224584295.html
2019-01-16,190,-10.0,258,-2.56647878414068,4,39.9289,116.388,https://www.miamiherald.com/news/business/technology/article224584295.html
2019-01-16,194,-10.0,606,-2.52948631429841,4,39.9289,116.388,https://www.bradenton.com/news/business/technology/article224584295.html
2019-01-17,194,-10.0,42,-2.01773864681779,4,39.9289,116.388,http://www.asahi.com/ajw/articles/AJ201901170015.html
2019-01-17,150,-7.2,332,-5.46043445937646,4,39.9289,116.388,https://www.wandsworthguardian.co.uk/news/national/17364689.taiwan-stages-live-fire-military-exercises-after-china-threats/
2019-01-17,190,-10.0,45,-1.73628825019116,4,25.0478,121.532,https://www.nytimes.com/reuters/2019/01/16/world/asia/16reuters-taiwan-china.html
2025-12-05,154,-7.2,42,-1.62892733370472,4,39.9289,116.388,https://www.asiaone.com:443/asia/taiwan-japan-voice-concern-over-chinese-military-movements
2019-07-15,190,-10.0,176,-0.891779218243821,4,25.0478,121.532,https://news.yahoo.com/populist-pro-china-mayor-face-tsai-taiwan-presidential-040348759.html
2019-07-15,190,-10.0,51,-0.924952197879822,4,25.0478,121.532,https://www.capitalfm.co.ke/news/2019/07/populist-pro-china-mayor-to-face-tsai-in-taiwan-presidential-clash/
2019-07-15,190,-10.0,65,-0.950004747780141,4,25.0478,121.532,https://sg.news.yahoo.com/populist-pro-china-mayor-face-tsai-taiwan-presidential-053306446.html
2019-07-14,150,-7.2,52,-0.778242661752082,4,39.9289,116.388,https://www.reuters.com/article/us-china-taiwan-idUSKCN1U903V
2019-07-15,190,-10.0,118,-0.453171515987126,4,39.9289,116.388,https://sg.news.yahoo.com/populist-pro-china-mayor-face-tsai-taiwan-presidential-040348990.html
2014-03-20,190,-10.0,106,5.11559220836947,4,42.2258,127.356,http://www.windsorstar.com/travel/Photos+Taiwanese+martial+arts+festival+marks+Buddha+birthday/9641682/story.html
2025-04-01,190,-10.0,214,-5.86255473164498,4,39.9289,116.388,https://www.yahoo.com/news/china-says-launches-military-exercises-002947927.html
2025-04-01,150,-7.2,70,-3.50587613971753,4,39.9289,116.388,https://www.yahoo.com/news/taiwan-coast-guard-warns-china-051919638.html
2025-04-01,192,-9.5,119,-5.58033161961749,4,25.0478,121.532,https://www.straitstimes.com/asia/east-asia/china-says-launches-military-exercises-around-taiwan
2025-04-01,150,-7.2,73,-5.57529307998148,4,39.9289,116.388,https://www.yahoo.com/news/china-says-launches-military-exercises-002947927.html
2023-03-28,190,-10.0,127,-0.08202105006649,4,25.0478,121.532,https://news.yahoo.com/china-taiwan-battle-lines-run-014450552.html
2023-03-28,190,-10.0,110,-0.175126573816285,4,25.0478,121.532,https://news.yahoo.com/china-taiwan-battle-lines-run-014450552.html
2018-05-25,195,-10.0,109,-0.954725030025278,4,39.9289,116.388,http://www.sinodaily.com/afp/180525045806.g06590o0.html
2018-06-24,154,-7.2,107,-2.70442872125826,4,39.9289,116.388,https://www.thehour.com/news/world/article/Mattis-to-visit-China-as-Taiwan-S-China-Sea-13020833.php
2023-08-12,150,-7.2,154,-1.62513929770643,4,39.9289,116.388,https://www.nytimes.com/2023/08/12/world/asia/taiwan-us-china-lai-ching-te.html
2023-08-12,150,-7.2,50,-1.65003192117715,4,25.0478,121.532,https://www.nytimes.com/2023/08/12/world/asia/taiwan-us-china-lai-ching-te.html
2025-10-08,152,-7.2,50,0.853737952591822,4,25.0478,121.532,https://aninews.in/news/world/asia/taiwan-tightens-security-to-thwart-chinas-covert-grip-on-medical-supply-chains20251008191821/
2020-03-17,190,-10.0,50,-4.25421885038135,4,39.9289,116.388,https://www.businesstimes.com.sg/government-economy/taiwan-again-scrambles-jets-to-warn-off-chinese-air-force
2020-03-17,190,-10.0,92,-4.57791530673261,4,39.9289,116.388,https://isp.netscape.com/news/world/story/0002/20200317/KBN21401R_1
2019-12-25,190,-10.0,128,-3.44242534214764,4,30.5833,114.267,https://www.msn.com/en-us/news/world/rpt-parties-unite-over-taiwans-exclusion-from-who-anti-virus-planning/ar-BBZhIQ8
2016-04-28,190,-10.0,51,-0.765119219501794,4,31.2222,121.458,http://www.shanghaidaily.com/article/article_xinhua.aspx?id=328159
2018-08-10,194,-10.0,120,-3.96073203479644,4,39.9289,116.388,https://www.aninews.in/news/world/asia/how-will-china-conquer-taiwan201808100621330001/
2015-12-27,190,-10.0,356,-3.87168771748717,4,39.9289,116.388,http://www.sfgate.com/news/world/article/Taiwan-presidential-candidates-clash-over-China-6722284.php
2020-05-12,150,-7.2,48,0.0792562867646625,4,25.0478,121.532,https://www.chron.com/news/article/Poll-Taiwanese-distance-themselves-from-Chinese-15264066.php
2019-09-05,190,-10.0,134,0.115045478924491,4,25.0478,121.532,http://news.trust.org/item/20190905040534-ktuet
2019-09-05,190,-10.0,136,0.115045478924491,4,25.0478,121.532,http://news.trust.org/item/20190905040534-ktuet
2015-12-27,151,-7.2,78,-3.42395740824721,4,25.0478,121.532,http://hosted2.ap.org/CAANR/0260ea4c3e85456b80715585ba3c7b5b/Article_2015-12-27-AS--Taiwan-Presidential%20Debate/id-d51e36ae5bb24738b81eb0555ab1657a
2015-12-27,190,-10.0,56,-2.11397960219636,4,39.9289,116.388,http://www.thepeninsulaqatar.com/news/asia/363854/taiwan-presidential-candidates-clash-over-china-policy
2018-09-20,150,-7.2,78,-3.98324884418297,4,25.0478,121.532,http://www.msn.com/en-us/news/msn/china-ramps-up-cyberattacks-on-taiwan/ar-BBNzu7L
2015-11-07,192,-9.5,587,-1.0425932327968,4,39.9289,116.388,http://www.WLOX.com/story/30460867/a-china-taiwan-handshake-66-years-in-the-making
2015-12-27,150,-7.2,78,-3.42395740824721,4,24.0,121.0,http://hosted2.ap.org/CAANR/0260ea4c3e85456b80715585ba3c7b5b/Article_2015-12-27-AS--Taiwan-Presidential%20Debate/id-d51e36ae5bb24738b81eb0555ab1657a
2015-11-07,192,-9.5,1052,-0.888558760230033,4,39.9289,116.388,http://www.greenfieldreporter.com/./view/story/1082c0e7b7c84ac686b462fc51e579f1/AS--China-Taiwan-The-Handshake
2018-11-08,150,-7.2,44,-0.226320693610308,4,39.9289,116.388,https://www.france24.com/en/20181108-taiwan-navy-adds-two-new-warships-china-tensions-grow
2018-11-08,150,-7.2,53,-0.233482459931303,4,39.9289,116.388,https://www.france24.com/en/20181108-taiwan-navy-adds-two-new-warships-china-tensions-grow
2018-11-08,150,-7.2,79,-0.257790063563788,4,25.0478,121.532,https://www.france24.com/en/20181108-taiwan-navy-adds-two-new-warships-china-tensions-grow
2018-05-16,150,-7.2,140,-2.15060536748938,4,39.9289,116.388,http://www.newsadvance.com/news/world/wire/china-says-military-exercises-intended-to-threaten-taiwan/article_83ced240-e28c-5b6b-ab25-93d62b3bb1b3.html
2018-05-16,150,-7.2,300,-2.04314909792367,4,39.9289,116.388,http://www.dailymail.co.uk/wires/ap/article-5734403/China-says-military-exercises-intended-threaten-Taiwan.html
2020-02-17,190,-10.0,70,-4.17890746908183,4,25.0478,121.532,https://www.rappler.com/world/regions/asia-pacific/251997-taiwan-embraces-mascots-coronavirus-prevention-campaign
2020-02-17,190,-10.0,60,-4.07946515234461,4,23.2656,116.054,https://www.rappler.com/world/regions/asia-pacific/251997-taiwan-embraces-mascots-coronavirus-prevention-campaign
2019-12-31,190,-10.0,194,-6.6631562535719,4,39.9289,116.388,https://www.msn.com/en-us/news/world/taiwan-passes-anti-infiltration-law-aimed-at-combating-chinese-influence/ar-BBYuivM
2020-10-19,190,-10.0,80,-7.61918312251046,4,25.0478,121.532,http://www.elpasoinc.com/news/ap_wire/international/taiwanese-staffer-injured-in-clash-with-chinese-side-in-fiji/article_4fa40781-1e0f-5563-86aa-976420a39ffc.html
2020-10-19,190,-10.0,48,-3.13727146847459,4,25.0478,121.532,http://www.digitaljournal.com/news/world/taiwan-says-chinese-diplomats-assaulted-official-in-fiji/article/579717
2020-10-30,194,-10.0,88,-4.409743640542,4,39.9289,116.388,https://economictimes.indiatimes.com/news/defence/china-is-angry-and-acting-more-brutish-taiwan-anxiety-rises-as-sabre-rattling-grows/articleshow/78946432.cms
2015-12-31,192,-9.5,545,-3.86293969855732,4,39.9289,116.388,https://www.washingtonpost.com/world/asia_pacific/as-taiwan-polls-loom-china-warns-of-new-challenges-ahead/2015/12/31/991fc332-af7e-11e5-b281-43c0b56f61fa_story.html
2020-07-15,190,-10.0,80,-1.66528697571743,4,23.9769,121.604,https://www.newzealandstar.com/news/265779516/taiwan-tests-it-defence-against-china-possible-invasion
2020-07-22,150,-7.2,162,-3.42023453342617,4,25.0478,121.532,https://apnews.com/2126b0fbdf2b7d2e6a5a77c464aeb7b1
2020-07-22,150,-7.2,52,-3.42023453342617,4,39.9289,116.388,https://apnews.com/2126b0fbdf2b7d2e6a5a77c464aeb7b1
2019-07-31,150,-7.2,68,-1.2848077273181,5,26.545,117.843,http://www.startribune.com/taiwan-ends-live-fire-drills-coinciding-with-china-exercises/513425652/
2019-07-31,150,-7.2,52,-1.2848077273181,5,26.545,117.843,https://www.sfgate.com/news/world/article/Taiwan-ends-live-fire-drills-coinciding-with-14268916.php
2018-03-20,190,-10.0,130,-2.1656721744246,4,39.9289,116.388,https://www.businessinsider.com.au/xi-jinping-national-peoples-congress-closing-speech-2018-3
2018-03-20,190,-10.0,130,-2.1656721744246,4,39.9289,116.388,https://www.businessinsider.com.au/xi-jinping-national-peoples-congress-closing-speech-2018-3
2015-12-27,190,-10.0,62,-2.14795202995585,4,39.9289,116.388,http://www.thepeninsulaqatar.com/news/asia/363854/taiwan-presidential-candidates-clash-over-china-policy
2021-12-03,192,-9.5,55,3.0817983371406,4,25.0327,121.275,https://www.voanews.com/a/taiwanese-rejecting-china-s-attempts-woo-them-into-reunification/6337742.html
2020-09-04,193,-10.0,43,-6.98751772623182,5,24.0,109.0,https://www.dailymail.co.uk/news/article-8697557/Taiwan-denies-shooting-Chinese-Su-35-fighter-jet-footage-shows-crashed-plane-fire.html
2020-09-01,151,-7.2,114,-2.11393093157303,4,39.9072,116.391,https://uk.reuters.com/uk.reuters.com/article/uk-usa-china-bombers-specialreport/special-report-pentagons-latest-salvo-against-chinas-growing-might-cold-war-bombers-idUKKBN25S4S5
2016-01-21,190,-10.0,134,-2.47693103716613,4,24.0,119.0,http://www.dailymail.co.uk/wires/reuters/article-3409658/China-military-reports-landing-drills-days-Taiwan-election.html
2015-08-11,190,-10.0,60,-4.84218469690936,4,25.0478,121.532,http://www.perthnow.com.au/news/world/why-is-the-eiffel-tower-among-mock-ups-of-chinas-key-military-targets/story-fnhrvhol-1227478398016?nk=c204f43812d6f268d85d3dd8fe56faa8-1439254031
2015-12-17,150,-7.2,44,-2.00955922715302,4,24.1098,113.005,http://www.morganton.com/news/world/ap/us-billion-arms-sales-for-taiwan-draws-china-s-ire/article_26caf78b-dc63-5d86-a923-8895d2cfe06a.html
2020-12-31,151,-7.2,1190,-3.20815643839549,4,24.0,119.0,https://www.sfgate.com/news/article/China-accuses-US-of-show-of-force-with-Taiwan-15837534.php
2020-12-31,151,-7.2,194,-3.27947708981559,4,24.0,119.0,https://www.decaturdaily.com/news/other_news/national/china-accuses-us-of-show-of-force-with-taiwan-strait-passage/article_2a9de986-2b8b-511c-b272-f118c25e7eb3.html
2020-04-08,150,-7.2,76,-3.56271585599159,4,24.4502,102.906,https://www.sfgate.com/news/world/article/Philippines-backs-Vietnam-after-China-sinks-15186288.php
2015-08-11,192,-9.5,48,-5.00340890296591,4,25.0478,121.532,http://www.couriermail.com.au/news/world/why-is-the-eiffel-tower-among-mock-ups-of-chinas-key-military-targets/story-fnihsmjt-1227478398016?nk=6e5fc71aaae463977aa6caf32ea97bde-1439251307
2021-10-03,192,-9.5,52,-4.27872860635697,4,25.0478,121.532,https://www.koreatimes.co.kr/www/world/2021/10/683_316381.html
2021-10-02,192,-9.5,45,-4.59262635168805,4,39.9289,116.388,https://www.msn.com/en-us/news/world/taiwan-rebukes-china-over-record-fighter-jet-incursion/ar-AAP3Tag
2021-10-02,151,-7.2,95,-4.67549621474031,4,25.0478,121.532,https://www.msn.com/en-us/news/world/taiwan-rebukes-china-over-record-fighter-jet-incursion/ar-AAP3Tag
2021-10-02,195,-10.0,57,-4.67549621474031,4,25.0478,121.532,https://www.msn.com/en-us/news/world/taiwan-rebukes-china-over-record-fighter-jet-incursion/ar-AAP3Tag
2021-10-02,192,-9.5,180,-4.59262635168805,4,25.0478,121.532,https://www.msn.com/en-us/news/world/taiwan-rebukes-china-over-record-fighter-jet-incursion/ar-AAP3Tag
2021-10-03,192,-9.5,840,-5.28320555549905,4,39.9289,116.388,https://www.mdjonline.com/tribune/china-continues-taiwan-flybys-on-second-day-with-39-more-jets/article_a44624e9-97e5-50df-9b60-2d44b77f83d4.html
2021-10-03,192,-9.5,308,-4.48002478099593,4,39.9289,116.388,https://www.sfgate.com/news/article/US-raises-concern-as-China-flies-warplanes-south-16505723.php
2021-10-03,192,-9.5,58,-4.7570521182034,4,25.0478,121.532,https://www.chinanationalnews.com/news/271379054/taiwan-slams-largest-ever-incursion-by-chinese-into-air-defence-zone
2021-10-04,190,-10.0,90,-4.12348145823683,4,39.9289,116.388,https://www.zerohedge.com/geopolitical/taiwan-informs-australia-its-preparing-war-china-sends-record-52-pla-jets-toward
2021-10-04,192,-9.5,93,-6.85007306646887,4,39.9289,116.388,https://www.malaymail.com/news/world/2021/10/04/china-sends-52-jets-into-taiwan-defence-zone-in-another-record-incursion/2010744
2021-10-03,192,-9.5,292,-5.07615701019038,4,39.9289,116.388,https://www.sfgate.com/news/article/US-raises-concern-as-China-flies-warplanes-south-16505723.php
2021-10-04,154,-7.2,50,-5.78148586943189,4,39.9289,116.388,https://www.the-sun.com/news/3788808/taiwan-preparing-war-china-crush-island-fighters/
2018-06-07,190,-10.0,67,-3.32867391068306,4,24.1098,113.005,http://www.startribune.com/taiwan-drills-simulate-repulsing-chinese-assault-on-air-base/484810881/
2018-06-07,190,-10.0,201,-3.32867391068306,4,24.0,119.0,http://www.startribune.com/taiwan-drills-simulate-repulsing-chinese-assault-on-air-base/484810881/
2018-06-07,150,-7.2,88,-6.49018223163046,4,24.0,119.0,http://www.theprogressnews.com/news/world/taiwan-drills-simulate-repulsing-chinese-assault-on-air-base/article_8b30374d-8a7a-5f16-837c-76aba6ad9fdc.html
2018-06-07,195,-10.0,60,-8.2083069526192,4,39.9289,116.388,http://www.startribune.com/taiwan-drills-simulate-repulsing-chinese-assault-on-air-base/484810881/
2018-06-07,150,-7.2,42,-8.18330167647637,4,24.0,119.0,http://www.startribune.com/taiwan-drills-simulate-repulsing-chinese-assault-on-air-base/484810881/
2021-03-21,190,-10.0,80,-5.35909962560497,4,25.0478,121.532,https://www.aninews.in/news/world/asia/taiwan-facing-tough-battle-to-curb-talent-poaching-by-china-for-manufacturing-computer-chips20210321104938/
2014-05-16,190,-10.0,42,2.34745317311208,4,39.9289,116.388,http://www.seattlepi.com/news/world/article/Riots-in-Vietnam-leave-1-Chinese-dead-141-injured-5479446.php
2015-12-27,190,-10.0,46,-4.51261767913513,4,25.0478,121.532,http://www.sfgate.com/news/world/article/Taiwan-presidential-candidates-clash-over-China-6722284.php
2015-11-08,192,-9.5,290,-0.779940445535319,4,39.9289,116.388,http://wpde.com/news/nation-world/a-china-taiwan-handshake-66-years-in-the-making
2021-08-25,193,-10.0,42,-1.85579951740767,4,25.0478,121.532,https://chinapost.nownews.com/20210825-2732818
2021-08-17,150,-7.2,72,-0.91122129908332,4,25.0478,121.532,https://infotel.ca/newsitem/as-china-taiwan-military-exercises/cp885452668
2021-08-28,154,-7.2,210,-2.38504186150842,3,38.8951,-77.0364,https://www.reuters.com/world/exclusive-pentagon-holds-talks-with-chinese-military-first-time-under-biden-2021-08-28/
2018-06-04,190,-10.0,188,-4.5312137312452,4,39.9289,116.388,https://www.business-standard.com/article/pti-stories/taiwan-searches-for-missing-f-16-fighter-jet-118060400422_1.html
2021-06-20,190,-10.0,80,-2.43817750677507,4,24.0,119.0,https://www.shanghainews.net/news/269967882/us-donates-25-million-covid-19-vaccine-doses-to-taiwan
2021-06-17,154,-7.2,64,-2.04114254397411,4,25.0478,121.532,https://www.singaporestar.com/news/269936644/us-congressmen-reintroduce-taiwan-defense-act
2021-06-20,190,-10.0,50,1.82983682983683,4,25.0478,121.532,https://www.aninews.in/news/world/asia/taiwan-receives-25-million-covid-19-vaccine-from-us20210620164358/
2021-06-28,190,-10.0,54,-3.23452473717371,4,25.0478,121.532,https://www.aninews.in/news/world/asia/taiwan-to-receive-more-moderna-covid-19-vaccine-doses-on-june-3020210628203500/
2021-06-18,151,-7.2,44,-0.726349067939097,4,24.0,119.0,https://www.bignewsnetwork.com/news/269944706/chinese-warplanes-enters-taiwan-air-defence-zone
2021-06-19,193,-10.0,220,0.262467865324276,4,39.9289,116.388,https://news.yahoo.com/exclusive-u-triples-vaccines-taiwan-120929322.html
2021-06-20,193,-10.0,104,-0.494161789877385,4,39.9289,116.388,https://kesq.com/news/national-world/cnn-asia-pacific/2021/06/19/the-us-triples-its-vaccine-donations-to-taiwan-as-the-island-battles-an-outbreak/
2021-06-20,190,-10.0,50,1.82983682983683,4,25.0478,121.532,https://www.aninews.in/news/world/asia/taiwan-receives-25-million-covid-19-vaccine-from-us20210620164358/
2021-06-20,190,-10.0,80,-2.43817750677507,4,24.0,119.0,https://www.shanghainews.net/news/269967882/us-donates-25-million-covid-19-vaccine-doses-to-taiwan
2021-06-28,190,-10.0,54,-3.23452473717371,4,25.0478,121.532,https://www.aninews.in/news/world/asia/taiwan-to-receive-more-moderna-covid-19-vaccine-doses-on-june-3020210628203500/
2018-08-23,193,-10.0,120,-3.71456143979324,4,24.4367,118.318,https://www.yahoo.com/news/taiwan-marks-60-years-since-china-attack-tensions-062911174.html
2020-09-18,150,-7.2,51,-2.84319645268415,4,25.0478,121.532,http://www.msn.com/en-us/news/world/beijing-holds-military-exercises-near-taiwan-as-us-diplomat-visits/ar-BB19a38H
2020-09-19,151,-7.2,90,-2.75366149759443,4,25.0478,121.532,https://www.voanews.com/east-asia-pacific/voa-news-china/china-sends-warplanes-over-taiwan-us-envoy-visits
2020-09-18,150,-7.2,176,-0.0314697565937653,4,24.0,119.0,https://www.reuters.com/article/us-taiwan-usa-china/china-says-its-conducting-military-exercises-near-taiwan-strait-idUSKBN2690AS
2020-09-18,150,-7.2,49,-2.20630543117906,4,39.9289,116.388,https://www.stripes.com/news/pacific/us-envoy-begins-visit-to-taiwan-as-china-kicks-off-military-drills-1.645575
2020-09-19,190,-10.0,42,-2.89729669718636,4,24.0,121.0,https://www.swissinfo.ch/eng/taiwan-scrambles-fighters-as-chinese-jets-again-menace-island/46044370
2020-09-19,195,-10.0,463,-0.813315637199152,4,25.0478,121.532,https://www.washingtonpost.com/world/national-security/taiwan-us-pay-tribute-to-islands-leader-mr-democracy/2020/09/19/9cbbf4fe-fa36-11ea-85f7-5941188a98cd_story.html
2020-09-19,190,-10.0,132,-3.56035046527439,5,41.0,123.0,https://www.taiwansun.com/news/266443832/opinion-us-hardliners-on-china-are-repeating-historical-mistakes
2020-09-19,195,-10.0,52,-0.698253377791358,4,39.9289,116.388,https://www.washingtonpost.com/world/national-security/taiwan-us-pay-tribute-to-islands-leader-mr-democracy/2020/09/19/9cbbf4fe-fa36-11ea-85f7-5941188a98cd_story.html
2021-01-19,190,-10.0,1406,-1.27178941149846,4,24.0,119.0,https://www.9news.com.au/world/taiwan-stages-military-defence-drill-against-potential-china-attack/2dbe3bab-0ba6-4509-b03b-78b419a4523c
2021-05-24,190,-10.0,120,-0.968858291015584,4,25.0478,121.532,https://www.msn.com/en-gb/news/world/pressure-to-accept-china-vaccines-intensifies-as-taiwan-battles-covid-surge/ar-AAKjqZc
2015-12-27,190,-10.0,103,-3.21311587964768,4,39.9289,116.388,http://www.salon.com/2015/12/27/taiwan_presidential_candidates_clash_over_china_in_debate/
2014-03-20,190,-10.0,98,5.06546810339644,4,42.2258,127.356,http://www.windsorstar.com/travel/Photos+Taiwanese+martial+arts+festival+marks+Buddha+birthday/9641682/story.html
2020-02-06,190,-10.0,48,-2.24748440867858,4,25.0478,121.532,http://news.trust.org/item/20200206131125-u1v42
2020-02-10,192,-9.5,114,-3.53599556097477,4,39.9289,116.388,https://www.rappler.com/world/regions/asia-pacific/251455-chinese-military-aircraft-cross-into-taiwan-airspace
2020-02-11,190,-10.0,160,-2.10551315083204,4,39.9289,116.388,https://isp.netscape.com/news/world/story/0002/20200211/KBN20503L_1
2021-07-24,154,-7.2,60,-5.60666948461088,4,25.0478,121.532,https://www.kimt.com/content/national/574908422.html
2014-05-16,190,-10.0,94,1.942392035165,4,39.9289,116.388,http://www.vancouversun.com/news/Text+message+from+Vietnamese+urges+patriotic+fervour+violence/9845876/story.html
2021-05-04,193,-10.0,200,-1.28950913375303,4,32.5261,119.739,https://auburnpub.com/news/world/slow-to-start-china-mobilizes-to-vaccinate-at-headlong-pace/article_86d1dd1a-ba49-5fc0-9cae-b322598ef07c.html
2021-06-03,193,-10.0,80,-1.28950913375303,4,32.5261,119.739,https://auburnpub.com/news/world/slow-to-start-china-mobilizes-to-vaccinate-at-headlong-pace/article_86d1dd1a-ba49-5fc0-9cae-b322598ef07c.html
2021-05-04,193,-10.0,398,-1.50180974429918,4,29.4639,112.615,https://abcnews.go.com/Health/wireStory/slow-start-china-mobilizes-vaccinate-headlong-pace-78055959
2021-06-03,193,-10.0,161,-1.50189683574794,4,29.4639,112.615,https://abcnews.go.com/Health/wireStory/slow-start-china-mobilizes-vaccinate-headlong-pace-78055959
2021-06-03,193,-10.0,751,-1.15405378569615,4,39.9289,116.388,https://www.winnipegfreepress.com/business/slow-to-start-china-mobilizes-to-vaccinate-at-headlong-pace-574551542.html
2021-06-06,190,-10.0,90,-1.93939393939394,4,39.9289,116.388,https://www.kagstv.com/article/news/health/coronavirus/vaccine/us-senators-promise-vaccines-taiwan-china-tension/507-46973a1c-fc8d-4e3c-8b3e-555e86a88219
2021-06-06,190,-10.0,90,-1.93939393939394,4,39.9289,116.388,https://www.kagstv.com/article/news/health/coronavirus/vaccine/us-senators-promise-vaccines-taiwan-china-tension/507-46973a1c-fc8d-4e3c-8b3e-555e86a88219
2014-07-31,190,-10.0,42,1.63774335442101,4,22.5851,120.318,http://www.globalpost.com/dispatch/news/xinhua-news-agency/140731/2nd-ld-writethru-15-killed-233-injured-taiwan-gas-leak-explo
2018-05-11,151,-7.2,72,-0.821614949445373,4,39.9289,116.388,http://www.manilatimes.net/china-sends-fighter-jets-near-taiwan-in-latest-show-of-force/398175/
2018-05-11,151,-7.2,42,-0.8748655019788,4,25.0478,121.532,https://www.geo.tv/latest/195014-china-sends-fighter-jets-near-taiwan-in-latest-show-of-force
2018-05-11,151,-7.2,68,-0.829926479576428,4,39.9289,116.388,http://www.manilatimes.net/china-sends-fighter-jets-near-taiwan-in-latest-show-of-force/398175/
2018-09-30,193,-10.0,80,-1.06382223873196,4,25.0478,121.532,https://sg.news.yahoo.com/taiwan-shrugs-communist-china-hails-70th-anniversary-015537230.html
2014-05-15,190,-10.0,100,1.8331575248403,4,39.9289,116.388,http://www.geo.tv/article-147747-China-issues-Vietnam-tourist-warning-after-riots
2020-03-25,150,-7.2,50,-3.35765317714776,4,39.9289,116.388,https://www.msn.com/en-us/news/world/taiwan-anger-over-china-military-drills-during-virus-outbreak/ar-BB11G85q
2021-04-13,195,-10.0,90,-3.98399261536427,4,25.0478,121.532,https://www.aninews.in/news/world/asia/25-chinese-warplanes-enter-taiwanese-air-defence-zone-in-biggest-incursion-so-far20210413184541/
2021-04-14,150,-7.2,120,-4.05848572606785,4,25.0478,121.532,https://www.reuters.com/article/us-usa-taiwan-china-idUSKBN2C109Y
2021-04-14,190,-10.0,120,-3.90046714209008,4,25.0478,121.532,https://www.reuters.com/article/us-usa-taiwan-china-idUSKBN2C109Y
2021-04-08,193,-10.0,50,-4.83969784025067,4,39.9289,116.388,https://www.msn.com/en-us/news/world/china-drills-deep-in-disputed-south-china-sea/ar-BB1fr84A
2021-04-11,150,-7.2,110,-7.53424657534246,4,39.9289,116.388,https://www.bruneinews.net/news/268619741/china-again-violates-taiwan-airspace-380-incursions-since-2016
2021-02-20,151,-7.2,100,-2.36206157276392,4,39.9289,116.388,https://www.aninews.in/news/world/asia/8-chinese-fighter-aircraft-enter-taipeis-air-defense-zone-as-taiwan-appoints-us-trained-defence-minister20210220130250/
2021-11-10,150,-7.2,188,-2.77909257999999,4,25.0478,121.532,https://kdhnews.com/news/nation/chinese-forces-exercise-near-taiwan-in-response-to-us-visit/article_8fb91dfb-4048-57f0-bc86-c549a4a75585.html
2021-11-09,192,-9.5,77,-5.73793334715665,4,39.9289,116.388,https://www.skynews.com.au/world-news/china/beijing-denies-knowledge-of-mock-us-warships-in-chinas-remote-desert-region/news-story/03ecc39ada5258faeee7a98903cc2448
2021-11-10,150,-7.2,61,-1.86342184988694,4,25.0478,121.532,https://fredericksburg.com/news/national/chinese-forces-exercise-near-taiwan-in-response-to-us-visit/article_0b6cf20b-cbf5-5b0c-a474-e44031a0c529.html
2021-11-21,195,-10.0,72,-3.52941176470588,4,39.9289,116.388,https://www.japanherald.com/news/271774424/9-chinese-planes-including-2-h-6-bombers-detected-in-taiwan-air-defence-zone
2021-11-21,195,-10.0,84,-3.52941176470588,4,25.0478,121.532,https://www.japanherald.com/news/271774424/9-chinese-planes-including-2-h-6-bombers-detected-in-taiwan-air-defence-zone
2021-11-10,150,-7.2,186,-0.718461802028256,4,39.9289,116.388,https://abcnews.go.com/US/wireStory/chinese-forces-exercise-taiwan-response-us-visit-81074877
2014-05-16,190,-10.0,48,2.17199309687005,4,39.9289,116.388,http://tvnz.co.nz/world-news/vietnam-pm-text-messages-nation-5973752
2020-07-02,150,-7.2,42,-2.53171267779032,4,24.1098,113.005,https://uk.reuters.com/article/uk-taiwan-defence/taiwan-practices-enemy-annihilation-after-china-steps-up-activity-idUKKBN24311T
2021-04-07,193,-10.0,48,-3.92047301224299,4,25.0478,121.532,https://www.msn.com/en-us/news/world/taiwan-says-may-shoot-down-chinese-drones-in-schina-sea/ar-BB1fo0ie
2021-04-05,151,-7.2,42,-3.54174606680657,5,41.0,123.0,https://www.reuters.com/article/us-taiwan-china-defence/taiwan-reports-new-incursion-by-chinese-jets-into-defence-zone-idUSKBN2BS0U8
2021-03-30,154,-7.2,46,1.5338567110147,4,39.9289,116.388,https://www.570news.com/2021/03/30/palau-president-visits-taiwan-amid-chinese-pressure/
2021-09-23,151,-7.2,360,-1.99604412595443,4,24.0,119.0,https://www.thetelegraph.com/news/article/China-sends-19-fighter-jets-towards-Taiwan-in-16481228.php
2021-09-23,151,-7.2,110,-1.78300377420414,4,25.0478,121.532,https://www.stltoday.com/news/national/govt-and-politics/china-sends-19-fighter-jets-towards-taiwan-in-show-of-force/article_bab29300-b02b-5a47-9ea9-1968d8f23454.html
2021-09-18,150,-7.2,90,-2.39362544751766,4,25.0478,121.532,https://www.aninews.in/news/world/asia/taiwan-says-it-had-full-grasp-of-chinas-military-drill20210918222240/
2021-09-23,190,-10.0,100,-2.25315127724093,4,39.9289,116.388,https://www.banburycake.co.uk/news/national/19600248.china-sends-19-fighter-jets-towards-taiwan-show-force/
2021-09-23,190,-10.0,100,-2.25315127724093,4,39.9289,116.388,https://www.banburycake.co.uk/news/national/19600248.china-sends-19-fighter-jets-towards-taiwan-show-force/
2020-11-24,150,-7.2,64,-1.28618391014519,4,24.0,119.0,https://siouxcityjournal.com/news/world/taiwans-leader-launches-production-of-domestically-made-sub/article_aa845cc0-d7a8-5db3-980a-107c787c9369.html
2021-07-08,150,-7.2,870,-3.85988112110123,4,42.8333,124.633,https://www.torontotelegraph.com/news/270214426/angry-china-responds-to-japanese-warning-not-to-invade-taiwan
2021-07-04,190,-10.0,120,0.10699941785664,4,39.9289,116.388,https://www.bignewsnetwork.com/news/270157873/chinese-foreign-minister-crticises-us-its-allies
2018-10-09,150,-7.2,76,2.06048191396275,4,39.9289,116.388,https://tucson.com/news/world/taiwan-holds-military-drill-with-paraguay-amid-china-tension/article_c5f5647a-c820-5cac-92bc-96ab94c1c104.html
2018-10-09,150,-7.2,84,2.03965414772418,4,39.9289,116.388,https://tucson.com/news/world/taiwan-holds-military-drill-with-paraguay-amid-china-tension/article_c5f5647a-c820-5cac-92bc-96ab94c1c104.html
2018-10-11,150,-7.2,86,-2.5381330393051,4,39.9289,116.388,https://www.reuters.com/article/us-taiwan-anniversary-president/taiwan-pledges-to-boost-national-security-amid-chinese-pressure-idUSKCN1MK09G
2015-07-20,190,-10.0,172,-0.0591248470697395,4,24.4367,118.318,http://www.straitstimes.com/asia/east-asia/taiwan-china-sign-landmark-water-agreement-amid-warming-ties
2023-06-08,192,-9.5,75,-1.86257159370406,4,39.9289,116.388,https://www.arabnews.com/node/2317901/world
2023-06-08,154,-7.2,80,-2.21598556310455,4,25.0478,121.532,https://www.msn.com/en-gb/news/world/chinas-air-force-stages-new-mass-incursion-near-taiwan/ar-AA1cgOj3
2023-06-08,192,-9.5,45,-1.53938408961675,4,39.9289,116.388,https://www.hurriyetdailynews.com/37-chinese-warplanes-cross-into-taiwans-defence-zone-183784
2020-08-23,190,-10.0,66,-2.95971808761622,4,24.4367,118.318,https://www.chron.com/news/article/US-envoy-joins-Taiwan-president-at-military-15508184.php
2020-08-27,150,-7.2,42,-6.09810695124729,4,25.0478,121.532,https://www.reuters.com/article/us-taiwan-diplomacy-idUSKBN25N0QD
2020-08-23,190,-10.0,206,-2.06453445663111,4,24.4367,118.318,https://www.reuters.com/article/us-taiwan-defence/with-china-tensions-rising-u-s-joins-taiwan-to-mark-battle-anniversary-idUSKBN25J051
2020-08-27,150,-7.2,144,-6.09810695124729,4,25.0478,121.532,https://www.reuters.com/article/us-taiwan-diplomacy-idUSKBN25N0QD
2020-08-23,190,-10.0,206,-2.0930680782491,4,24.4367,118.318,https://www.reuters.com/article/us-taiwan-defence/with-china-tensions-rising-u-s-joins-taiwan-to-mark-battle-anniversary-idUSKBN25J051
2020-08-23,190,-10.0,205,-3.38040705098819,4,39.9289,116.388,https://www.chron.com/news/article/US-envoy-joins-Taiwan-president-at-military-15508184.php
2020-08-23,190,-10.0,92,-1.7343886747986,4,39.9289,116.388,https://www.washingtonpost.com/world/national-security/us-envoy-joins-taiwan-president-at-military-memorial/2020/08/23/d036b894-e511-11ea-82d8-5e55d47e90ca_story.html
2020-08-13,190,-10.0,54,-0.501841366203731,4,39.9289,116.388,https://uk.reuters.com/article/uk-taiwan-defence/taiwan-to-raise-defence-spending-as-china-details-combat-drills-idUKKCN2590BR
2021-09-15,150,-7.2,66,-2.46515132288797,4,24.2033,102.52,https://www.bozemandailychronicle.com/ap_news/international/taiwan-drills-military-as-concerns-over-china-grow/article_e870a897-d956-5ef5-a72e-65b8566e6393.html
2021-09-15,150,-7.2,78,-4.53122793207753,4,24.1098,113.005,https://infotel.ca/newsitem/as-taiwan-drills/cp1285696878
2021-09-15,150,-7.2,80,-6.42570281124498,4,24.1098,113.005,https://bismarcktribune.com/news/world/taiwan-holds-anti-invasion-drill-as-china-threat-heightens/article_ba23ad93-8912-5e3e-9e5c-fd062c4617de.html
2021-09-15,150,-7.2,80,-4.5883767954892,4,25.0478,121.532,https://infotel.ca/newsitem/as-taiwan-drills/cp1285696878
2021-09-15,150,-7.2,42,-1.90217391304348,4,22.4178,120.549,https://theeagle.com/news/world/taiwan-drills-military-as-concerns-over-china-grow/article_f1963da9-b1dc-5f33-b339-2862e730fd2c.html
2020-12-11,150,-7.2,90,0.613858988487387,4,24.0,119.0,https://www.chron.com/news/article/Taiwan-president-launches-new-domestically-made-15793758.php
2021-01-01,154,-7.2,84,0.115314224624676,4,24.0,119.0,https://www.theedgemarkets.com/article/new-years-speech-taiwans-president-again-reaches-out-china
2020-12-11,150,-7.2,86,0.613858988487387,4,24.0,119.0,https://www.chron.com/news/article/Taiwan-president-launches-new-domestically-made-15793758.php
2020-12-02,192,-9.5,60,-3.26445293836598,4,25.0478,121.532,https://www.beijingbulletin.com/news/267139883/taipei-could-be-used-as-scapegoat-by-china-joseph-wu
2021-01-01,154,-7.2,155,0.129768859959847,4,39.9289,116.388,https://www.theedgemarkets.com/article/new-years-speech-taiwans-president-again-reaches-out-china
2019-11-21,193,-10.0,66,-1.20921069468055,4,25.0478,121.532,https://www.cnbc.com/2019/11/21/reuters-america-china-says-taiwan-courting-disaster-after-election-independence-comment.html
2019-11-22,190,-10.0,107,-3.6100630133874,4,39.9289,116.388,https://www.sandiegouniontribune.com/news/nation-world/story/2019-11-22/us-working-with-taiwan-to-combat-china-election-interference
2019-11-22,190,-10.0,198,-3.73623963346659,4,39.9289,116.388,https://mynorthwest.com/1611344/us-working-with-taiwan-to-combat-china-election-interference/
2019-11-22,190,-10.0,183,-3.21170975798264,4,25.0478,121.532,https://kvoa.com/ap-international-news/2019/11/22/us-working-with-taiwan-to-combat-china-election-interference/
