SQLDATE,EventCode,GoldsteinScale,NumMentions,AvgTone,ActionGeo_Type,ActionGeo_Lat,ActionGeo_Long,SOURCEURL,score_mentions,score_goldstein,score_tone,score_geo,priority_score
2021-01-19,190,-10.0,1406,-1.27178941149846,4,24.0,119.0,https://www.9news.com.au/world/taiwan-stages-military-defence-drill-against-potential-china-attack/2dbe3bab-0ba6-4509-b03b-78b419a4523c,0.9585382993668597,0.9999999996428571,0.0,1.0,0.7792691496477155
2022-08-07,190,-10.0,1420,-4.16197813752255,4,39.9289,116.388,https://www.sfgate.com/news/article/China-keeps-up-pressure-on-Taiwan-with-4th-day-of-17357276.php,0.9683766690084551,0.9999999996428571,0.5668643397279315,0.1,0.7175612024140996
2020-12-31,151,-7.2,1190,-3.20815643839549,4,24.0,119.0,https://www.sfgate.com/news/article/China-accuses-US-of-show-of-force-with-Taiwan-15837534.php,0.8067463106108175,0.0,0.43596338085558656,1.0,0.6905658314765261
2022-08-07,190,-10.0,583,-4.1750111777212,4,25.0478,121.532,https://www.gazetteseries.co.uk/news/national/20606460.china-keeps-pressure-taiwan-fourth-day-military-drills/,0.38018271257879116,0.9999999996428571,0.5686529732435943,1.0,0.6038219509024002
2022-08-04,194,-10.0,536,-4.77296396357928,4,24.0,119.0,https://www.wkms.org/npr-news/npr-news/2022-08-04/china-fires-waves-of-missiles-over-the-taiwan-strait-raising-tensions-in-the-region,0.34715390021057824,0.9999999996428571,0.6507150537150784,1.0,0.6037199608125905
2025-02-27,192,-9.5,609,-3.98306402370834,4,24.4367,118.318,https://www.ksat.com/news/world/2025/02/27/taiwan-condemns-china-for-conducting-shooting-drills-off-its-coast/,0.39845397048461106,0.8214285711352041,0.5423104539487443,1.0,0.5898319331455748
2022-08-04,194,-10.0,700,-4.22261521114685,4,28.7925,117.262,https://wflapanamacity.iheart.com/content/2022-08-04-china-launches-missile-as-it-begins-live-fire-military-drills-around-taiwan/,0.46240337315498076,0.9999999996428571,0.5751860743748767,0.7,0.5862389014167514
2025-02-27,193,-10.0,1026,-3.96406951424588,4,39.9289,116.388,https://www.ksat.com/news/world/2025/02/27/taiwan-condemns-china-for-conducting-shooting-drills-off-its-coast/,0.691496837666415,0.9999999996428571,0.5397036779609247,0.1,0.5736891543896782
2024-08-20,194,-10.0,690,-2.39665333502201,4,22.1094,120.874,https://www.ipswichstar.co.uk/news/national/24529294.taiwan-conducts-live-fire-missile-drills-china-ramps-military-threats/,0.45537596626812693,0.9999999996428571,0.0,1.0,0.5276879830983492
2021-10-03,192,-9.5,840,-5.28320555549905,4,39.9289,116.388,https://www.mdjonline.com/tribune/china-continues-taiwan-flybys-on-second-day-with-39-more-jets/article_a44624e9-97e5-50df-9b60-2d44b77f83d4.html,0.560787069570934,0.8214285711352041,0.7207397907282718,0.1,0.5266843500446419
2022-07-30,150,-7.2,1465,-2.14678777633237,4,39.9289,116.388,https://www.sfgate.com/news/article/China-announces-military-exercise-opposite-Taiwan-17339911.php,0.9999999999992972,0.0,0.0,0.1,0.5199999999996486
2023-04-08,190,-10.0,270,-3.90465278899958,4,25.0327,121.275,https://abc7news.com/china-starts-3-days-of-combat-readiness-patrol-exercises-around-taiwan/13101545/,0.1602248770202669,0.9999999996428571,0.5315494219664201,1.0,0.4864223228677032
2022-06-11,190,-10.0,148,-5.39416744362681,4,24.0,121.0,https://www.msn.com/en-gb/news/world/china-becoming-more-coercive-and-aggressive-u-s-defence-chief/ar-AAYkszA,0.07449051300065039,0.9999999996428571,0.7359680221341026,1.0,0.48443886089143146
2022-08-07,194,-10.0,235,-4.17586571226863,5,22.4956,120.614,https://www.sfgate.com/news/article/China-keeps-up-pressure-on-Taiwan-with-4th-day-of-17357276.php,0.13562895291627855,0.9999999996428571,0.5687702481931477,1.0,0.48156852606105455
2022-08-04,194,-10.0,281,-3.07482721195544,4,25.0478,121.532,https://www.bbc.com/news/live/world-asia-62404233,0.16795502459580608,0.9999999996428571,0.41766549184479607,1.0,0.467510610631148
2025-04-01,192,-9.5,119,-5.58033161961749,4,25.0478,121.532,https://www.straitstimes.com/asia/east-asia/china-says-launches-military-exercises-around-taiwan,0.05411103302877434,0.8214285711352041,0.7615168948082749,1.0,0.4615017525895626
2024-08-19,190,-10.0,264,-7.28864960534969,4,16.45,120.55,https://www.winnipegfreepress.com/world/2024/08/18/china-accuses-the-philippines-of-deliberately-crashing-one-of-its-ships-into-a-chinese-vessel,0.1560084328881546,0.9999999996428571,0.9959637129042311,0.4,0.45719695898920926
2021-10-02,192,-9.5,180,-4.59262635168805,4,25.0478,121.532,https://www.msn.com/en-us/news/world/taiwan-rebukes-china-over-record-fighter-jet-incursion/ar-AAP3Tag,0.09697821503858259,0.8214285711352041,0.6259658093448619,1.0,0.45582512650178414
2022-05-31,192,-9.5,96,-5.41956858026462,4,25.0478,121.532,https://www.msn.com/en-us/news/world/china-makes-second-largest-taiwan-defence-zone-incursion-this-year/ar-AAXUfzP,0.037947997189010575,0.8214285711352041,0.7394540333512724,1.0,0.44900766237828016
2020-09-19,195,-10.0,463,-0.813315637199152,4,25.0478,121.532,https://www.washingtonpost.com/world/national-security/taiwan-us-pay-tribute-to-islands-leader-mr-democracy/2020/09/19/9cbbf4fe-fa36-11ea-85f7-5941188a98cd_story.html,0.2958538299365454,0.9999999996428571,0.0,1.0,0.44792691493255843
2025-02-27,192,-9.5,204,-3.98306402370834,4,24.4367,118.318,https://www.ksat.com/news/world/2025/02/27/taiwan-condemns-china-for-conducting-shooting-drills-off-its-coast/,0.11384399156703173,0.8214285711352041,0.5423104539487443,1.0,0.4475269436867852
2022-08-07,190,-10.0,113,-4.14005521158112,4,25.0478,121.532,https://www.sfgate.com/news/article/China-keeps-up-pressure-on-Taiwan-with-4th-day-of-17357276.php,0.049894588896662054,0.9999999996428571,0.5638556725633587,1.0,0.43771842892528845
2019-11-22,190,-10.0,183,-3.21170975798264,4,25.0478,121.532,https://kvoa.com/ap-international-news/2019/11/22/us-working-with-taiwan-to-combat-china-election-interference/,0.09908643710463873,0.9999999996428571,0.43645103273178476,1.0,0.436833425062962
2022-08-07,194,-10.0,93,-4.3010752688172,5,22.4956,120.614,https://www.gazetteseries.co.uk/news/national/20606460.china-keeps-pressure-taiwan-fourth-day-military-drills/,0.035839775122954436,0.9999999996428571,0.5859538067420769,1.0,0.43511064887417833
2021-10-02,195,-10.0,57,-4.67549621474031,4,25.0478,121.532,https://www.msn.com/en-us/news/world/taiwan-rebukes-china-over-record-fighter-jet-incursion/ar-AAP3Tag,0.010541110330280715,0.9999999996428571,0.637338736323865,1.0,0.4327383023941991
2021-10-03,192,-9.5,58,-4.7570521182034,4,25.0478,121.532,https://www.chinanationalnews.com/news/271379054/taiwan-slams-largest-ever-incursion-by-chinese-into-air-defence-zone,0.011243851018966097,0.8214285711352041,0.6485313375980751,1.0,0.41747105014261854
2021-07-08,150,-7.2,870,-3.85988112110123,4,42.8333,124.633,https://www.torontotelegraph.com/news/270214426/angry-china-responds-to-japanese-warning-not-to-invade-taiwan,0.5818692902314955,0.0,0.5254050301334686,0.1,0.4160156511424415
2022-08-03,150,-7.2,357,-3.82389234604566,4,25.0478,121.532,https://abcnews.go.com/International/wireStory/china-blocks-taiwan-imports-avoids-chip-disruption-87858952,0.22136331693589503,0.0,0.5204659884155808,1.0,0.4147748561510637
2025-12-30,194,-10.0,52,-3.87466418450235,4,25.0478,121.532,https://nypost.com/2025/12/30/world-news/china-fires-rockets-towards-taiwan-in-war-games-simulating-blockade/,0.007027406886853811,0.9999999996428571,0.5274338340242255,1.0,0.4090004702125577
2023-06-09,190,-10.0,344,2.16249381552503,4,25.0478,121.532,https://www.theintelligencer.com/news/politics/article/honduran-president-begins-first-visit-to-china-18143620.php,0.21222768798298508,0.9999999996428571,0.0,1.0,0.40611384395577826
2023-06-09,190,-10.0,344,2.16249381552503,4,25.0478,121.532,https://www.theintelligencer.com/news/politics/article/honduran-president-begins-first-visit-to-china-18143620.php,0.21222768798298508,0.9999999996428571,0.0,1.0,0.40611384395577826
2021-10-03,192,-9.5,52,-4.27872860635697,4,25.0478,121.532,https://www.koreatimes.co.kr/www/world/2021/10/683_316381.html,0.007027406886853811,0.8214285711352041,0.5828869866578642,1.0,0.4022339578885202
2023-04-10,190,-10.0,310,-2.67644665453947,4,24.0,119.0,https://www.ctvnews.ca/world/china-military-displays-force-toward-taiwan-after-tsai-trip-1.6348646,0.18833450456768214,0.9999999996428571,0.0,1.0,0.39416725224812676
2022-08-04,194,-10.0,46,-3.20825433006932,4,25.0478,121.532,https://www.shorenewsnetwork.com/2022/08/04/china-fires-missiles-into/,0.0028109627547415242,0.9999999996428571,0.4359768153517631,1.0,0.3886008444120091
2022-08-04,194,-10.0,300,-4.22261521114685,4,32.95,116.642,https://wflapanamacity.iheart.com/content/2022-08-04-china-launches-missile-as-it-begins-live-fire-military-drills-around-taiwan/,0.1813070976808283,0.9999999996428571,0.5751860743748767,0.4,0.3856907636796752
2024-08-19,190,-10.0,44,-7.31806037604316,4,16.45,120.55,https://abcnews.go.com/International/wireStory/china-accuses-philippines-deliberately-crashing-ships-chinese-vessel-112936283,0.0014054813773707621,0.9999999996428571,0.9999999998627616,0.4,0.38070274062552345
2021-06-03,193,-10.0,751,-1.15405378569615,4,39.9289,116.388,https://www.winnipegfreepress.com/business/slow-to-start-china-mobilizes-to-vaccinate-at-headlong-pace-574551542.html,0.4982431482779352,0.9999999996428571,0.0,0.1,0.3691215741032533
2020-08-23,190,-10.0,206,-2.0930680782491,4,24.4367,118.318,https://www.reuters.com/article/us-taiwan-defence/with-china-tensions-rising-u-s-joins-taiwan-to-mark-battle-anniversary-idUSKBN25J051,0.11524947294440249,0.9999999996428571,0.0,1.0,0.35762473643648696
2020-08-23,190,-10.0,206,-2.06453445663111,4,24.4367,118.318,https://www.reuters.com/article/us-taiwan-defence/with-china-tensions-rising-u-s-joins-taiwan-to-mark-battle-anniversary-idUSKBN25J051,0.11524947294440249,0.9999999996428571,0.0,1.0,0.35762473643648696
2024-05-25,150,-7.2,231,-3.30091282269956,4,24.0,119.0,https://www.thestar.com.my/aseanplus/aseanplus-news/2024/05/25/chinese-military-drills-around-taiwan-have-ended-state-media,0.13281799016153703,0.0,0.4486931181409165,1.0,0.35614761870895184
2023-04-05,194,-10.0,194,-1.23135928522727,4,24.0,119.0,https://menafn.com/1105949514/China-Conducts-Joint-Patrol-in-Taiwan-Strait-Before-Taiwan-US-Meeting,0.10681658468017792,0.9999999996428571,0.0,1.0,0.35340829230437465
2024-05-23,150,-7.2,100,-4.6166231161599,4,25.0478,121.532,https://www.yahoo.com/news/china-holds-military-drills-around-014534591.html,0.0407589599437521,0.0,0.6292590867803342,1.0,0.3462312973279429
2021-10-02,151,-7.2,95,-4.67549621474031,4,25.0478,121.532,https://www.msn.com/en-us/news/world/taiwan-rebukes-china-over-record-fighter-jet-incursion/ar-AAP3Tag,0.037245256500325195,0.0,0.637338736323865,1.0,0.3460903755149356
2020-12-31,151,-7.2,194,-3.27947708981559,4,24.0,119.0,https://www.decaturdaily.com/news/other_news/national/china-accuses-us-of-show-of-force-with-taiwan-strait-passage/article_2a9de986-2b8b-511c-b272-f118c25e7eb3.html,0.10681658468017792,0.0,0.4457513125694862,1.0,0.34255855485398623
2025-04-01,190,-10.0,214,-5.86255473164498,4,39.9289,116.388,https://www.yahoo.com/news/china-says-launches-military-exercises-002947927.html,0.12087139845388555,0.9999999996428571,0.8002487416661797,0.1,0.3404854475244644
2021-09-15,150,-7.2,80,-4.5883767954892,4,25.0478,121.532,https://infotel.ca/newsitem/as-taiwan-drills/cp1285696878,0.02670414617004448,0.0,0.6253826070737032,1.0,0.3384285944997629
2022-08-03,150,-7.2,642,-3.88855755215915,4,39.9289,116.388,https://www.kasu.org/2022-08-02/what-3-past-taiwan-strait-crises-can-teach-us-about-u-s-china-tensions-today,0.42164441321122864,0.0,0.52934053749921,0.1,0.33669031410545636
2023-04-05,150,-7.2,424,-0.453556062349301,4,25.0478,121.532,https://www.france24.com/en/live-news/20230405-us-house-speaker-meets-taiwan-president-despite-beijing-s-threats,0.2684469430778156,0.0,0.0,1.0,0.3342234715389078
2022-08-05,194,-10.0,125,-2.96018815846313,4,25.0478,121.532,https://maritime-executive.com/article/china-launches-11-ballistic-missiles-into-waters-around-taiwan,0.058327477160886626,0.9999999996428571,0.0,1.0,0.329163738544729
2021-09-15,150,-7.2,80,-6.42570281124498,4,24.1098,113.005,https://bismarcktribune.com/news/world/taiwan-holds-anti-invasion-drill-as-china-threat-heightens/article_ba23ad93-8912-5e3e-9e5c-fd062c4617de.html,0.02670414617004448,0.0,0.8775342801208249,0.7,0.32885892910918724
2021-10-03,192,-9.5,292,-5.07615701019038,4,39.9289,116.388,https://www.sfgate.com/news/article/US-raises-concern-as-China-flies-warplanes-south-16505723.php,0.17568517217134527,0.8214285711352041,0.6923247807333915,0.1,0.3284503993458714
2023-04-08,194,-10.0,116,-1.98506363404282,4,25.0478,121.532,https://www.reuters.com/world/china-announces-drills-around-taiwan-after-us-speaker-meeting-2023-04-08/,0.0520028109627182,0.9999999996428571,0.0,1.0,0.3260014054456448
2025-12-30,150,-7.2,108,-3.77338636666612,4,25.0478,121.532,https://www.edenmagnet.com.au/story/9143083/china-launches-biggest-war-games-to-date-around-taiwan/,0.04638088545323515,0.0,0.5135346288799156,1.0,0.3258973685026007
2025-12-30,150,-7.2,148,-3.26074391784415,4,25.0478,121.532,https://www.juneesoutherncross.com.au/story/9143083/rockets-fired-as-china-simulates-blockade-of-taiwan/,0.07449051300065039,0.0,0.4431804021194238,1.0,0.32588133692420995
2023-04-09,190,-10.0,102,-2.18118763684592,4,25.0478,121.532,https://www.rte.ie/news/world/2023/0409/1376010-taiwan-china/,0.04216444132112286,0.9999999996428571,0.0,1.0,0.32108222062484715
2022-08-04,150,-7.2,90,-3.81557672655331,4,24.0,119.0,https://www.ndtv.com/world-news/chinas-military-drills-after-nancy-pelosi-visit-irresponsible-warns-us-3222946,0.03373155305689829,0.0,0.5193247661450429,1.0,0.32073072975745776
2019-01-16,194,-10.0,606,-2.52948631429841,4,39.9289,116.388,https://www.bradenton.com/news/business/technology/article224584295.html,0.3963457484185549,0.9999999996428571,0.0,0.1,0.3181728741735632
2021-10-03,192,-9.5,308,-4.48002478099593,4,39.9289,116.388,https://www.sfgate.com/news/article/US-raises-concern-as-China-flies-warplanes-south-16505723.php,0.18692902319031138,0.8214285711352041,0.6105125505359877,0.1,0.31770987881587365
2024-12-11,150,-7.2,374,-1.23044681504321,4,24.0,119.0,https://www.news4jax.com/news/world/2024/12/11/taiwan-demands-that-china-end-its-military-activity-in-nearby-waters/,0.2333099086435465,0.0,0.0,1.0,0.31665495432177326
2018-04-19,150,-7.2,120,-3.27608966653029,4,24.0,119.0,https://ca.reuters.com/article/topNews/idCAKBN1HQ04G-OCATP,0.05481377371745973,0.0,0.44528642803545,1.0,0.31646417246581987
2022-08-07,150,-7.2,66,-3.8744921375617,4,25.0478,121.532,https://mb.com.ph/2022/08/07/taiwan-accuses-beijing-of-simulating-invasion-as-us-china-relations-nosedive/,0.016865776528449145,0.0,0.5274102225782679,1.0,0.31391493277987814
2021-06-20,190,-10.0,80,-2.43817750677507,4,24.0,119.0,https://www.shanghainews.net/news/269967882/us-donates-25-million-covid-19-vaccine-doses-to-taiwan,0.02670414617004448,0.9999999996428571,0.0,1.0,0.31335207304930796
2021-06-20,190,-10.0,80,-2.43817750677507,4,24.0,119.0,https://www.shanghainews.net/news/269967882/us-donates-25-million-covid-19-vaccine-doses-to-taiwan,0.02670414617004448,0.9999999996428571,0.0,1.0,0.31335207304930796
2023-04-12,150,-7.2,364,-0.887992734842152,4,25.0478,121.532,https://www.wthitv.com/news/military-exercises-suggest-china-is-getting-ready-to-launch-a-war-against-taiwan-taiwanese-foreign/article_4f79c033-1b85-5865-acc0-b5b4ae3b3e46.html,0.2262825017566927,0.0,0.0,1.0,0.3131412508783464
2021-09-23,151,-7.2,360,-1.99604412595443,4,24.0,119.0,https://www.thetelegraph.com/news/article/China-sends-19-fighter-jets-towards-Taiwan-in-16481228.php,0.22347153900195119,0.0,0.0,1.0,0.3117357695009756
2020-08-23,190,-10.0,66,-2.95971808761622,4,24.4367,118.318,https://www.chron.com/news/article/US-envoy-joins-Taiwan-president-at-military-15508184.php,0.016865776528449145,0.9999999996428571,0.0,1.0,0.3084328882285103
2023-04-12,191,-9.5,110,-1.31808325794454,4,24.0,121.0,https://www.bignewsnetwork.com/news/273733238/experts-eye-future-of-us-china-relations,0.047786366830605914,0.8214285711352041,0.0,1.0,0.3060360405288234
2021-05-04,193,-10.0,398,-1.50180974429918,4,29.4639,112.615,https://abcnews.go.com/Health/wireStory/slow-start-china-mobilizes-vaccinate-headlong-pace-78055959,0.2501756851719957,0.9999999996428571,0.0,0.4,0.30508784255028354
2022-08-04,150,-7.2,68,-3.51435692186529,4,25.0478,121.532,https://www.nytimes.com/2022/08/03/world/asia/taiwan-china-military-exercises.html,0.018271257905819908,0.0,0.47798584368071995,1.0,0.3047327976890539
2022-08-04,194,-10.0,265,-3.8809299990162,4,39.9289,116.388,https://inlandnewstoday.com/story.php?s=68209,0.15671117357683997,0.9999999996428571,0.5282937443499498,0.1,0.30401433562269564
2021-06-20,190,-10.0,50,1.82983682983683,4,25.0478,121.532,https://www.aninews.in/news/world/asia/taiwan-receives-25-million-covid-19-vaccine-from-us20210620164358/,0.0056219255094830485,0.9999999996428571,0.0,1.0,0.30281096271902724
2021-06-20,190,-10.0,50,1.82983682983683,4,25.0478,121.532,https://www.aninews.in/news/world/asia/taiwan-receives-25-million-covid-19-vaccine-from-us20210620164358/,0.0056219255094830485,0.9999999996428571,0.0,1.0,0.30281096271902724
2023-04-10,195,-10.0,50,-2.25188048202695,4,24.0,119.0,https://www.channel3000.com/news/national-and-world-news/china-appears-to-simulate-first-aircraft-carrier-strike-on-taiwan/article_efea4eec-e491-5671-9220-77ef740002be.html,0.0056219255094830485,0.9999999996428571,0.0,1.0,0.30281096271902724
2022-08-05,194,-10.0,287,-3.52252069723017,4,39.9289,116.388,http://www.msn.com/en-us/news/world/taiwan-faces-urgent-fighter-pilot-shortage-as-xi-tests-defenses/ar-AA10iUBG,0.17217146872791836,0.9999999996428571,0.47910622710695067,0.1,0.30190697974963504
2020-09-19,190,-10.0,42,-2.89729669718636,4,24.0,121.0,https://www.swissinfo.ch/eng/taiwan-scrambles-fighters-as-chinese-jets-again-menace-island/46044370,0.0,0.9999999996428571,0.0,1.0,0.2999999999642857
2022-08-03,192,-9.5,90,-1.72564213120754,4,24.0,119.0,https://www.tribuneindia.com/news/world/taiwan-scrambles-jets-as-22-chinese-fighters-cross-taiwan-strait-median-line-418502,0.03373155305689829,0.8214285711352041,0.0,1.0,0.29900863364196956
2019-01-15,190,-10.0,540,-0.971635250811628,4,39.9289,116.388,https://www.kiro7.com/news/politics/defense-intel-report-fuels-worries-of-china-attack-on-taiwan/904964485,0.34996486296531976,0.9999999996428571,0.0,0.1,0.2949824314469456
2025-02-27,193,-10.0,210,-3.96406951424588,4,39.9289,116.388,https://www.ksat.com/news/world/2025/02/27/taiwan-condemns-china-for-conducting-shooting-drills-off-its-coast/,0.11806043569914403,0.9999999996428571,0.5397036779609247,0.1,0.2869709534060427
2019-01-16,194,-10.0,490,-2.57844035429258,4,39.9289,116.388,https://www.miamiherald.com/news/business/technology/article224584295.html,0.31482782853105074,0.9999999996428571,0.0,0.1,0.2774139142298111
2019-11-22,190,-10.0,198,-3.73623963346659,4,39.9289,116.388,https://mynorthwest.com/1611344/us-working-with-taiwan-to-combat-china-election-interference/,0.10962754743491945,0.9999999996428571,0.5084366708451552,0.1,0.2765011078507765
2021-09-15,150,-7.2,78,-4.53122793207753,4,24.1098,113.005,https://infotel.ca/newsitem/as-taiwan-drills/cp1285696878,0.02529866479267372,0.0,0.6175395887969133,0.7,0.2761572501557195
2022-08-05,150,-7.2,752,-2.68058040215589,4,39.9289,116.388,https://www.itv.com/news/2022-08-05/chinese-planes-and-ships-cross-unofficial-buffer-zone-with-taiwan,0.49894588896662057,0.0,0.0,0.1,0.2694729444833103
2020-08-23,190,-10.0,205,-3.38040705098819,4,39.9289,116.388,https://www.chron.com/news/article/US-envoy-joins-Taiwan-president-at-military-15508184.php,0.11454673225571711,0.9999999996428571,0.459602778423674,0.1,0.26919392177687906
2022-08-05,194,-10.0,118,-2.42030032500347,5,26.545,117.843,https://www.bignewsnetwork.com/news/272644372/days-after-pelosis-taiwan-visit-china-still-fuming,0.05340829234008896,0.9999999996428571,0.0,0.7,0.2667041461343302
2023-04-09,190,-10.0,118,-2.1017692370025,4,21.4167,121.5,https://www.illawarramercury.com.au/story/8152454/china-simulates-striking-taiwan-on-second-day-of-drills/?cs=7484,0.05340829234008896,0.9999999996428571,0.0,0.7,0.2667041461343302
2023-04-09,150,-7.2,225,-0.819412476763475,4,25.0478,121.532,https://www.smh.com.au/world/asia/us-watching-closely-as-china-aircraft-and-ships-towards-taiwan-20230409-p5cz46.html,0.12860154602942472,0.0,0.0,1.0,0.2643007730147124
2022-06-11,190,-10.0,42,-5.20914720482771,4,55.7522,37.6156,https://www.msn.com/en-gb/news/world/china-becoming-more-coercive-and-aggressive-u-s-defence-chief/ar-AAYkszA,0.0,0.9999999996428571,0.7105761415638052,0.1,0.26211522827704675
2022-08-04,194,-10.0,159,-3.68163401500355,4,39.9289,116.388,https://www.investmentwatchblog.com/china-has-established-a-blockade-around-taiwan-and-plans-to-shoot-missiles-directly-over-the-island/,0.08222066057618958,0.9999999996428571,0.5009426834225885,0.1,0.26129886693689824
2022-08-05,194,-10.0,118,-4.11261557156022,4,39.9289,116.388,https://island.lk/china-fires-missiles-in-unprecedented-drills-around-taiwan/,0.05340829234008896,0.9999999996428571,0.5600899004141876,0.1,0.2587221262171677
2022-06-11,190,-10.0,46,-4.94924378988328,3,38.8951,-77.0364,https://newsrnd.com/news/2022-06-11-taiwan--washington-denounces-china-s-,0.0028109627547415242,0.9999999996428571,0.6749074141050365,0.1,0.25638696416266377
2020-09-19,190,-10.0,132,-3.56035046527439,5,41.0,123.0,https://www.taiwansun.com/news/266443832/opinion-us-hardliners-on-china-are-repeating-historical-mistakes,0.0632466619816843,0.9999999996428571,0.48429792374735925,0.1,0.24848291570459974
2020-09-18,150,-7.2,176,-0.0314697565937653,4,24.0,119.0,https://www.reuters.com/article/us-taiwan-usa-china/china-says-its-conducting-military-exercises-near-taiwan-strait-idUSKBN2690AS,0.09416725228384107,0.0,0.0,1.0,0.24708362614192053
2022-06-11,190,-10.0,42,-4.65305411849146,4,39.9289,116.388,https://www.msn.com/en-gb/news/world/china-becoming-more-coercive-and-aggressive-u-s-defence-chief/ar-AAYkszA,0.0,0.9999999996428571,0.6342588190596966,0.1,0.24685176377622503
2023-06-09,190,-10.0,402,2.16249381552503,4,39.9289,116.388,https://www.theintelligencer.com/news/politics/article/honduran-president-begins-first-visit-to-china-18143620.php,0.2529866479267372,0.9999999996428571,0.0,0.1,0.24649332392765433
2023-06-09,190,-10.0,402,2.16249381552503,4,39.9289,116.388,https://www.theintelligencer.com/news/politics/article/honduran-president-begins-first-visit-to-china-18143620.php,0.2529866479267372,0.9999999996428571,0.0,0.1,0.24649332392765433
2019-11-22,190,-10.0,107,-3.6100630133874,4,39.9289,116.388,https://www.sandiegouniontribune.com/news/nation-world/story/2019-11-22/us-working-with-taiwan-to-combat-china-election-interference,0.04567814476454977,0.9999999996428571,0.491120394049656,0.1,0.2410631511564918
2021-05-04,193,-10.0,200,-1.28950913375303,4,32.5261,119.739,https://auburnpub.com/news/world/slow-to-start-china-mobilizes-to-vaccinate-at-headlong-pace/article_86d1dd1a-ba49-5fc0-9cae-b322598ef07c.html,0.11103302881229021,0.9999999996428571,0.0,0.4,0.23551651437043084
2023-04-08,150,-7.2,143,-2.20233325131213,4,25.0478,121.532,https://www.msn.com/en-au/news/world/pelosi-leaves-taiwan-as-china-accused-of-invading-territory-in-show-of-force/ar-AA10fr5o,0.07097680955722349,0.0,0.0,1.0,0.23548840477861177
2025-12-30,194,-10.0,60,-3.91250891250015,4,39.9289,116.388,https://nypost.com/2025/12/30/world-news/china-fires-rockets-towards-taiwan-in-war-games-simulating-blockade/,0.01264933239633686,0.9999999996428571,0.532627583744649,0.1,0.23285018291138398
2021-10-02,192,-9.5,45,-4.59262635168805,4,39.9289,116.388,https://www.msn.com/en-us/news/world/taiwan-rebukes-china-over-record-fighter-jet-incursion/ar-AAP3Tag,0.002108222066056143,0.8214285711352041,0.6259658093448619,0.1,0.2283901300155209
2021-09-23,151,-7.2,110,-1.78300377420414,4,25.0478,121.532,https://www.stltoday.com/news/national/govt-and-politics/china-sends-19-fighter-jets-towards-taiwan-in-show-of-force/article_bab29300-b02b-5a47-9ea9-1968d8f23454.html,0.047786366830605914,0.0,0.0,1.0,0.22389318341530295
2021-06-03,193,-10.0,161,-1.50189683574794,4,29.4639,112.615,https://abcnews.go.com/Health/wireStory/slow-start-china-mobilizes-vaccinate-headlong-pace-78055959,0.08362614195356034,0.9999999996428571,0.0,0.4,0.2218130709410659
2020-09-19,151,-7.2,90,-2.75366149759443,4,25.0478,121.532,https://www.voanews.com/east-asia-pacific/voa-news-china/china-sends-warplanes-over-taiwan-us-envoy-visits,0.03373155305689829,0.0,0.0,1.0,0.21686577652844916
2024-05-23,150,-7.2,298,-3.85935163743347,4,-35.2833,149.217,https://www.hometownregister.com/news/national/chinas-military-surrounds-taiwan-as-punishment/article_9a75cd7e-585f-5603-bbd0-398801a1a26e.html,0.17990161630345755,0.0,0.5253323646448554,0.1,0.2150172810806999
2018-04-19,190,-10.0,55,-3.32034375835848,4,39.9289,116.388,https://ca.reuters.com/article/topNews/idCAKBN1HQ04G-OCATP,0.009135628952909954,0.9999999996428571,0.4513597885593682,0.1,0.21483977215261435
2023-04-09,150,-7.2,80,-2.24529569218954,4,25.0478,121.532,https://www.dallassun.com/news/273722510/us-ready-for-war-with-china-congressman,0.02670414617004448,0.0,0.0,1.0,0.21335207308502224
2024-05-28,150,-7.2,240,-4.53217893352447,4,40.4,-3.68333,https://www.shanghaisun.com/news/274386966/chinext-index-opens-lower-tuesday,0.13914265635970546,0.0,0.6176701027089028,0.1,0.21310534872163328
2022-05-31,192,-9.5,102,-3.30248066048623,4,39.9289,116.388,https://www.msn.com/en-us/news/world/us-congressional-delegation-makes-surprise-visit-to-taiwan/ar-AAXT6Mq,0.04216444132112286,0.8214285711352041,0.44890828568199803,0.1,0.2130067349104815
2023-04-10,150,-7.2,76,-2.35908705981088,4,24.0,119.0,https://www.leadertelegram.com/news/world/china-holds-a-second-day-of-military-exercises-around-taiwan/article_8261ae62-24e8-5e58-ab7a-19c52f2704e1.html,0.023893183415302957,0.0,0.0,1.0,0.21194659170765148
2023-04-08,150,-7.2,69,-1.83282096293804,4,24.0,119.0,https://www.usnews.com/news/world/articles/2023-04-07/china-announces-drills-around-taiwan-after-us-speaker-meeting,0.018973998594505288,0.0,0.0,1.0,0.20948699929725265
2022-06-14,150,-7.2,578,-0.79022030347872,4,39.9289,116.388,https://news.yahoo.com/biden-dispatching-sullivan-tokyo-talks-002941245.html,0.3766690091353643,0.0,0.0,0.1,0.20833450456768215
2023-04-10,150,-7.2,65,-2.4077764389807,4,25.0478,121.532,https://www.msn.com/en-sg/news/world/china-to-stage-taiwan-live-fire-drills/ar-AA19EMfj,0.016163035839763765,0.0,0.0,1.0,0.2080815179198819
2024-12-11,150,-7.2,63,-1.20572567747153,4,25.0478,121.532,https://www.yahoo.com/news/taiwan-demands-china-end-military-063252539.html,0.014757554462393003,0.0,0.0,1.0,0.20737877723119652
2023-04-08,151,-7.2,60,-2.05123261862185,4,25.0478,121.532,https://www.ibtimes.com/taiwanese-keep-dancing-shadow-china-drills-3684332,0.01264933239633686,0.0,0.0,1.0,0.20632466619816844
2023-04-10,150,-7.2,55,-1.75579076786127,4,25.0478,121.532,https://www.theaustralian.com.au/news/latest-news/china-simulates-taiwan-strikes-in-second-day-of-joint-sword-drills/news-story/e8e6671f7cdb7909f8fe6b14c27755b2?nk=d23ff840b38c138ac9f55adc184aca8d-1681092995,0.009135628952909954,0.0,0.0,1.0,0.204567814476455
2020-09-18,150,-7.2,51,-2.84319645268415,4,25.0478,121.532,http://www.msn.com/en-us/news/world/beijing-holds-military-exercises-near-taiwan-as-us-diplomat-visits/ar-BB19a38H,0.00632466619816843,0.0,0.0,1.0,0.2031623330990842
2022-08-04,191,-9.5,45,-3.66354783271452,4,39.9289,116.388,https://apnews.com/bcd77a80ddbece51f45c5fca4f60e22e,0.002108222066056143,0.8214285711352041,0.49846056479796425,0.1,0.20288908110614134
2023-04-08,150,-7.2,45,-2.0152046331828,4,25.0478,121.532,https://news.yahoo.com/china-announces-drills-around-taiwan-005104364.html,0.002108222066056143,0.0,0.0,1.0,0.2010541110330281
2023-04-09,150,-7.2,45,-2.25808912857809,4,24.0,119.0,https://www.beijingbulletin.com/news/273722510/us-ready-for-war-with-china-congressman,0.002108222066056143,0.0,0.0,1.0,0.2010541110330281
2021-09-15,150,-7.2,42,-1.90217391304348,4,22.4178,120.549,https://theeagle.com/news/world/taiwan-drills-military-as-concerns-over-china-grow/article_f1963da9-b1dc-5f33-b339-2862e730fd2c.html,0.0,0.0,0.0,1.0,0.2
2019-01-16,190,-10.0,258,-2.56647878414068,4,39.9289,116.388,https://www.miamiherald.com/news/business/technology/article224584295.html,0.1517919887560423,0.9999999996428571,0.0,0.1,0.19589599434230687
2021-06-03,193,-10.0,80,-1.28950913375303,4,32.5261,119.739,https://auburnpub.com/news/world/slow-to-start-china-mobilizes-to-vaccinate-at-headlong-pace/article_86d1dd1a-ba49-5fc0-9cae-b322598ef07c.html,0.02670414617004448,0.9999999996428571,0.0,0.4,0.19335207304930796
2019-01-15,194,-10.0,248,-2.54171315666133,4,39.9289,116.388,https://www.washingtonpost.com/world/national-security/defense-intel-report-fuels-worries-of-china-attack-on-taiwan/2019/01/15/092bcdf6-190d-11e9-b8e6-567190c2fd08_story.html,0.1447645818691885,0.9999999996428571,0.0,0.1,0.19238229089887998
2026-01-01,150,-7.2,262,-3.18187033839768,4,39.9289,116.388,https://www.sanfordherald.com/news/national/taiwans-president-vows-to-defend-sovereignty-after-china-drills/article_62d3b95b-57da-5dee-b909-476931383a76.html,0.15460295151078385,0.0,0.432355918687472,0.1,0.18377265949288635
2025-04-01,150,-7.2,73,-5.57529307998148,4,39.9289,116.388,https://www.yahoo.com/news/china-says-launches-military-exercises-002947927.html,0.021784961349246814,0.0,0.7608254137167108,0.1,0.18305756341796559
2023-06-09,190,-10.0,198,2.15821388541365,4,39.9289,116.388,https://www.theintelligencer.com/news/politics/article/honduran-president-begins-first-visit-to-china-18143620.php,0.10962754743491945,0.9999999996428571,0.0,0.1,0.17481377368174544
2023-06-09,190,-10.0,198,2.15821388541365,4,39.9289,116.388,https://www.theintelligencer.com/news/politics/article/honduran-president-begins-first-visit-to-china-18143620.php,0.10962754743491945,0.9999999996428571,0.0,0.1,0.17481377368174544
2025-12-30,150,-7.2,208,-3.54561413533731,4,39.9289,116.388,https://www.edenmagnet.com.au/story/9143083/china-launches-biggest-war-games-to-date-around-taiwan/,0.11665495432177325,0.0,0.4822755334821887,0.1,0.17478258385732437
2022-08-03,150,-7.2,131,-4.02493258570215,4,39.9289,116.388,https://www.wfdd.org/story/what-3-past-taiwan-strait-crises-can-teach-us-about-us-china-tensions-today,0.06254392129299892,0.0,0.548056428187548,0.1,0.16088324628400907
2022-08-04,150,-7.2,96,-2.53025302530253,4,24.1098,113.005,https://www.msn.com/en-us/news/world/facing-growing-threats-from-china-these-big-war-games-are-how-taiwan-prepares-to-fend-off-a-chinese-invasion/ar-AA10igSj,0.037947997189010575,0.0,0.0,0.7,0.15897399859450528
2023-04-09,150,-7.2,95,-2.16938922354974,4,21.4167,121.5,https://economictimes.indiatimes.com/news/defence/china-simulates-striking-taiwan-on-second-day-of-drills/articleshow/99353110.cms,0.037245256500325195,0.0,0.0,0.7,0.15862262825016257
2023-04-12,190,-10.0,128,-1.36469596946254,4,39.9289,116.388,https://www.voanews.com/a/experts-eye-future-of-u-s--china-relations/7046240.html,0.06043569922694277,0.9999999996428571,0.0,0.1,0.15021784957775708
2022-08-05,150,-7.2,145,-3.35449556275327,4,39.9289,116.388,http://www.vindy.com/wire/?category=6&ID=227047,0.07238229093459425,0.0,0.4560467273725554,0.1,0.14740049094180824
2024-05-23,150,-7.2,69,-4.32239383152609,4,39.9289,116.388,https://www.yahoo.com/news/china-holds-military-drills-around-014534591.html,0.018973998594505288,0.0,0.5888795320667658,0.1,0.1472629057106058
2024-05-23,150,-7.2,52,-4.53206311087781,4,39.9289,116.388,https://www.yahoo.com/news/china-holds-military-drills-around-014534591.html,0.007027406886853811,0.0,0.6176542073947986,0.1,0.1470445449223866
2023-04-10,190,-10.0,118,-1.41340005506962,4,39.9289,116.388,https://thetimeshub.in/china-simulates-targeted-bombings-against-taiwan/,0.05340829234008896,0.9999999996428571,0.0,0.1,0.1467041461343302
2022-05-31,190,-10.0,110,-2.64913753069407,4,39.9289,116.388,https://news.webindia123.com/news/Articles/World/20220531/3947229.html,0.047786366830605914,0.9999999996428571,0.0,0.1,0.14389318337958867
2023-04-12,190,-10.0,110,-1.31808325794454,4,39.9289,116.388,https://www.bignewsnetwork.com/news/273733238/experts-eye-future-of-us-china-relations,0.047786366830605914,0.9999999996428571,0.0,0.1,0.14389318337958867
2021-06-20,193,-10.0,104,-0.494161789877385,4,39.9289,116.388,https://kesq.com/news/national-world/cnn-asia-pacific/2021/06/19/the-us-triples-its-vaccine-donations-to-taiwan-as-the-island-battles-an-outbreak/,0.04356992269849363,0.9999999996428571,0.0,0.1,0.14178496131353252
2022-08-04,194,-10.0,101,-2.07346885441713,3,38.8951,-77.0364,https://www.bignewsnetwork.com/news/272642549/china-fires-hypersonic-missiles-in-taiwan-blockade-drill---media,0.04146170063243748,0.9999999996428571,0.0,0.1,0.14073085028050447
2018-04-19,150,-7.2,44,-1.29121770712155,4,21.4167,121.5,https://www.financialexpress.com/defence/china-carries-out-live-fire-drills-to-warn-taiwan/1138119/,0.0014054813773707621,0.0,0.0,0.7,0.14070274068868538
2021-09-23,190,-10.0,100,-2.25315127724093,4,39.9289,116.388,https://www.banburycake.co.uk/news/national/19600248.china-sends-19-fighter-jets-towards-taiwan-show-force/,0.0407589599437521,0.9999999996428571,0.0,0.1,0.1403794799361618
2023-04-09,190,-10.0,100,-2.27153251744623,4,39.9289,116.388,https://www.moneycontrol.com/news/world/china-simulates-striking-taiwan-on-second-day-of-drills-10383491.html,0.0407589599437521,0.9999999996428571,0.0,0.1,0.1403794799361618
2021-09-23,190,-10.0,100,-2.25315127724093,4,39.9289,116.388,https://www.banburycake.co.uk/news/national/19600248.china-sends-19-fighter-jets-towards-taiwan-show-force/,0.0407589599437521,0.9999999996428571,0.0,0.1,0.1403794799361618
2022-08-04,150,-7.2,378,-2.07019448741782,4,39.9289,116.388,https://www.stuff.co.nz/world/asia/300654066/china-tightens-noose-with-taiwan-blockade,0.23612087139828805,0.0,0.0,0.1,0.13806043569914403
2020-08-23,190,-10.0,92,-1.7343886747986,4,39.9289,116.388,https://www.washingtonpost.com/world/national-security/us-envoy-joins-taiwan-president-at-military-memorial/2020/08/23/d036b894-e511-11ea-82d8-5e55d47e90ca_story.html,0.035137034434269056,0.9999999996428571,0.0,0.1,0.13756851718142024
2019-01-15,190,-10.0,80,-2.4234693877551,4,39.9289,116.388,https://www.stamfordadvocate.com/news/article/Defense-intel-report-fuels-worries-of-China-13536187.php,0.02670414617004448,0.9999999996428571,0.0,0.1,0.13335207304930796
2024-05-19,190,-10.0,80,-1.81360913481184,4,39.9289,116.388,https://www.cnn.com/2024/05/18/asia/tsai-taiwan-map-china-intl-hnk-dst/,0.02670414617004448,0.9999999996428571,0.0,0.1,0.13335207304930796
2024-05-19,190,-10.0,80,-1.81360913481184,4,39.9289,116.388,https://www.cnn.com/2024/05/18/asia/tsai-taiwan-map-china-intl-hnk-dst/,0.02670414617004448,0.9999999996428571,0.0,0.1,0.13335207304930796
2022-08-04,150,-7.2,62,-3.85085075107738,4,39.9289,116.388,https://www.thestar.com.my/aseanplus/aseanplus-news/2022/08/04/china-begins-major-taiwan-military-drills-after-pelosi-visit,0.014054813773707622,0.0,0.5241657166473361,0.1,0.13186055021632104
2022-05-31,190,-10.0,72,-2.64811913944455,4,39.9289,116.388,https://news.webindia123.com/news/Articles/World/20220531/3947229.html,0.02108222066056143,0.9999999996428571,0.0,0.1,0.13054111029456644
2023-04-12,150,-7.2,115,-3.09789255945958,4,39.9289,116.388,https://www.cbs58.com/news/military-exercises-suggest-china-is-getting-ready-to-launch-a-war-against-taiwan-islands-foreign-minister-tells-cnn,0.05130007027403282,0.0,0.42083094311077063,0.1,0.12981622375917057
2022-07-30,190,-10.0,60,-2.25563909774436,4,39.9289,116.388,https://www.bignewsnetwork.com/news/272637930/china-conducts-military-exercises-amid-tensions-with-us,0.01264933239633686,0.9999999996428571,0.0,0.1,0.12632466616245414
2025-04-01,150,-7.2,70,-3.50587613971753,4,39.9289,116.388,https://www.yahoo.com/news/taiwan-coast-guard-warns-china-051919638.html,0.01967673928319067,0.0,0.47682195475247974,0.1,0.1252027605920913
2020-09-19,195,-10.0,52,-0.698253377791358,4,39.9289,116.388,https://www.washingtonpost.com/world/national-security/taiwan-us-pay-tribute-to-islands-leader-mr-democracy/2020/09/19/9cbbf4fe-fa36-11ea-85f7-5941188a98cd_story.html,0.007027406886853811,0.9999999996428571,0.0,0.1,0.12351370340771262
2023-06-09,190,-10.0,52,2.62895377169656,4,39.9289,116.388,https://www.clickondetroit.com/news/world/2023/06/09/honduran-president-begins-first-visit-to-china-since-breaking-off-ties-with-taiwan/,0.007027406886853811,0.9999999996428571,0.0,0.1,0.12351370340771262
2023-06-09,190,-10.0,52,2.62895377169656,4,39.9289,116.388,https://www.clickondetroit.com/news/world/2023/06/09/honduran-president-begins-first-visit-to-china-since-breaking-off-ties-with-taiwan/,0.007027406886853811,0.9999999996428571,0.0,0.1,0.12351370340771262
2022-08-04,194,-10.0,50,-2.40304342789013,4,39.9289,116.388,https://www.msn.com/en-gb/news/world/taiwan-confirms-multiple-chinese-missile-launches-into-waters-of-taiwan-strait-during-military-drills-e2-80-93-live/ar-AA10hrWH,0.0056219255094830485,0.9999999996428571,0.0,0.1,0.12281096271902724
2022-08-05,194,-10.0,46,-2.92713384257177,4,37.5664,127.0,https://edition.cnn.com/2022/08/04/asia/china-taiwan-pelosi-japan-tensions-intl-hnk/,0.0028109627547415242,0.9999999996428571,0.0,0.1,0.12140548134165648
2023-04-10,190,-10.0,44,-2.57801405712369,4,39.9289,116.388,https://www.hindustantimes.com/world-news/chinataiwan-live-china-practices-sealing-off-taiwan-on-day-3-of-wargames-101681105741190.html,0.0014054813773707621,0.9999999996428571,0.0,0.1,0.1207027406529711
2023-04-09,150,-7.2,45,-2.49002607463196,4,20.6827,109.951,https://gcaptain.com/china-stages-a-second-day-of-military-exercises-around-taiwan/,0.002108222066056143,0.0,0.0,0.4,0.08105411103302809
2022-08-03,150,-7.2,168,-0.628852793915279,4,39.9289,116.388,https://www.thedailystar.net/news/world/news/pelosi-us-wants-taiwan-have-freedom-security-and-wont-back-down-3086731,0.08854532677435802,0.0,0.0,0.1,0.06427266338717902
2018-04-19,150,-7.2,166,-1.38838654118605,4,39.9289,116.388,https://uk.reuters.com/article/uk-china-taiwan/china-carries-out-low-key-live-fire-drills-after-warning-taiwan-idUKKBN1HQ044,0.08713984539698726,0.0,0.0,0.1,0.06356992269849362
2024-05-19,152,-7.2,154,-2.50024416973329,4,39.9289,116.388,https://www.theaustralian.com.au/news/latest-news/taiwan-coast-guard-ramps-up-island-patrols-ahead-of-inauguration/news-story/17dae1f4a9df936d62f1b797db0ba11c?nk=dba68234df3430486272b962366dd421-1716091303,0.07870695713276268,0.0,0.0,0.1,0.059353478566381346
2022-08-04,150,-7.2,130,-2.13996803714007,4,39.9289,116.388,https://inlandnewstoday.com/story.php?s=68209,0.06184118060431353,0.0,0.0,0.1,0.050920590302156774
2024-12-11,150,-7.2,122,-1.23221644397869,4,39.9289,116.388,https://www.news4jax.com/news/world/2024/12/11/taiwan-demands-that-china-end-its-military-activity-in-nearby-waters/,0.056219255094830486,0.0,0.0,0.1,0.04810962754741525
2024-12-11,150,-7.2,120,-1.23598611442327,4,39.9289,116.388,https://www.news4jax.com/news/world/2024/12/11/taiwan-demands-that-china-end-its-military-activity-in-nearby-waters/,0.05481377371745973,0.0,0.0,0.1,0.04740688685872987
2022-08-03,150,-7.2,108,-0.71625499399372,4,39.9289,116.388,https://www.startribune.com/pelosi-tells-taiwan-us-commitment-to-democracy-is-ironclad/600195237/,0.04638088545323515,0.0,0.0,0.1,0.04319044272661758
2024-12-11,150,-7.2,94,-1.2401516482065,4,39.9289,116.388,https://www.burytimes.co.uk/news/national/24786331.taiwan-demands-china-ends-military-activity-nearby-waters/,0.036542515811639815,0.0,0.0,0.1,0.03827125790581991
2024-12-11,150,-7.2,94,-1.2401516482065,4,39.9289,116.388,https://www.burytimes.co.uk/news/national/24786331.taiwan-demands-china-ends-military-activity-nearby-waters/,0.036542515811639815,0.0,0.0,0.1,0.03827125790581991
2023-04-12,150,-7.2,86,-1.98267381127018,4,39.9289,116.388,https://www.usnews.com/news/world/articles/2023-04-11/macron-comments-leave-senior-taiwanese-official-puzzled,0.030920590302156766,0.0,0.0,0.1,0.03546029515107839
2018-04-19,150,-7.2,72,-1.79175876019049,4,39.9289,116.388,http://news.trust.org/item/20180419072209-btosc,0.02108222066056143,0.0,0.0,0.1,0.03054111033028072
2023-04-09,150,-7.2,70,1.04812256544839,4,39.9289,116.388,https://www.reuters.com/world/us-says-it-is-monitoring-chinas-drills-around-taiwan-closely-2023-04-08/,0.01967673928319067,0.0,0.0,0.1,0.02983836964159534
2021-09-15,150,-7.2,66,-2.46515132288797,4,24.2033,102.52,https://www.bozemandailychronicle.com/ap_news/international/taiwan-drills-military-as-concerns-over-china-grow/article_e870a897-d956-5ef5-a72e-65b8566e6393.html,0.016865776528449145,0.0,0.0,0.1,0.028432888264224576
2023-04-08,150,-7.2,63,-2.53487309695704,4,39.9289,116.388,https://asia.nikkei.com/Politics/International-relations/Taiwan-tensions/China-announces-drills-around-Taiwan-after-Tsai-meets-U.S.-Speaker,0.014757554462393003,0.0,0.0,0.1,0.027378777231196506
2022-08-04,150,-7.2,56,-0.929870517519152,4,39.9289,116.388,https://www.wvnews.com/mineralnews/newsfeed/world/pelosi-tells-taiwan-us-commitment-to-democracy-is-ironclad/article_7857b3c1-7aa7-5724-89e5-bb14c5098169.html,0.009838369641595335,0.0,0.0,0.1,0.02491918482079767
2020-09-18,150,-7.2,49,-2.20630543117906,4,39.9289,116.388,https://www.stripes.com/news/pacific/us-envoy-begins-visit-to-taiwan-as-china-kicks-off-military-drills-1.645575,0.004919184820797668,0.0,0.0,0.1,0.022459592410398837
