w_mentions,w_goldstein,w_tone,w_geo,f1,precision,recall,best_threshold
0.0,0.0,0.0,1.0,0.1492537313432836,0.08450704225352113,0.6382978723404256,0.8
0.0,0.0,0.1,0.9,0.1492537313432836,0.08450704225352113,0.6382978723404256,0.75
0.0,0.0,0.2,0.8,0.1492537313432836,0.08450704225352113,0.6382978723404256,0.75
0.0,0.0,0.3,0.7,0.18556701030927833,0.12244897959183673,0.3829787234042553,0.75
0.0,0.0,0.4,0.6,0.17647058823529413,0.11464968152866242,0.3829787234042553,0.65
0.0,0.0,0.5,0.5,0.1764705882352941,0.12195121951219512,0.3191489361702128,0.6
0.0,0.0,0.6,0.4,0.15384615384615385,0.0962566844919786,0.3829787234042553,0.5
0.0,0.0,0.7,0.3,0.1148036253776435,0.06690140845070422,0.40425531914893614,0.4
0.0,0.0,0.8,0.2,0.10859728506787332,0.06896551724137931,0.2553191489361702,0.4
0.0,0.0,0.9,0.1,0.09505703422053231,0.05219206680584551,0.5319148936170213,0.3
0.0,0.0,1.0,0.0,0.0970464135021097,0.053864168618266976,0.48936170212765956,0.3
0.0,0.1,0.0,0.9,0.16170212765957448,0.10106382978723404,0.40425531914893614,0.95
0.0,0.1,0.1,0.8,0.17054263565891473,0.13414634146341464,0.23404255319148937,0.9
0.0,0.1,0.2,0.7,0.17054263565891473,0.10426540284360189,0.46808510638297873,0.75
0.0,0.1,0.3,0.6,0.16176470588235295,0.12359550561797752,0.23404255319148937,0.7
0.0,0.1,0.4,0.5,0.15909090909090912,0.10852713178294573,0.2978723404255319,0.6
0.0,0.1,0.5,0.4,0.1477272727272727,0.10077519379844961,0.2765957446808511,0.55
0.0,0.1,0.6,0.3,0.11224489795918369,0.0738255033557047,0.23404255319148937,0.5
0.0,0.1,0.7,0.2,0.08877284595300261,0.050595238095238096,0.3617021276595745,0.4
0.0,0.1,0.8,0.1,0.09920634920634921,0.05470459518599562,0.5319148936170213,0.35
0.0,0.1,0.9,0.0,0.0824295010845987,0.04589371980676329,0.40425531914893614,0.35
0.0,0.2,0.0,0.8,0.16170212765957448,0.10106382978723404,0.40425531914893614,0.85
0.0,0.2,0.1,0.7,0.16393442622950818,0.13333333333333333,0.2127659574468085,0.9
0.0,0.2,0.2,0.6,0.17054263565891473,0.13414634146341464,0.23404255319148937,0.8
0.0,0.2,0.3,0.5,0.1652892561983471,0.13513513513513514,0.2127659574468085,0.75
0.0,0.2,0.4,0.4,0.15714285714285717,0.11827956989247312,0.23404255319148937,0.65
0.0,0.2,0.5,0.3,0.11678832116788322,0.08888888888888889,0.1702127659574468,0.6
0.0,0.2,0.6,0.2,0.09056603773584906,0.05504587155963303,0.2553191489361702,0.5
0.0,0.2,0.7,0.1,0.08156606851549755,0.044169611307420496,0.5319148936170213,0.4
0.0,0.2,0.8,0.0,0.07734806629834252,0.04233870967741935,0.44680851063829785,0.4
0.0,0.3,0.0,0.7,0.16170212765957448,0.10106382978723404,0.40425531914893614,0.85
0.0,0.3,0.1,0.6,0.1652892561983471,0.13513513513513514,0.2127659574468085,0.9
0.0,0.3,0.2,0.5,0.16260162601626016,0.13157894736842105,0.2127659574468085,0.8
0.0,0.3,0.3,0.4,0.1652892561983471,0.13513513513513514,0.2127659574468085,0.75
0.0,0.3,0.4,0.3,0.12820512820512822,0.09174311926605505,0.2127659574468085,0.65
0.0,0.3,0.5,0.2,0.10404624277456645,0.07142857142857142,0.19148936170212766,0.6
0.0,0.3,0.6,0.1,0.0967032967032967,0.05392156862745098,0.46808510638297873,0.5
0.0,0.3,0.7,0.0,0.07894736842105263,0.04504504504504504,0.3191489361702128,0.5
0.0,0.4,0.0,0.6,0.16170212765957448,0.10106382978723404,0.40425531914893614,0.85
0.0,0.4,0.1,0.5,0.1652892561983471,0.13513513513513514,0.2127659574468085,0.9
0.0,0.4,0.2,0.4,0.16129032258064513,0.12987012987012986,0.2127659574468085,0.8
0.0,0.4,0.3,0.3,0.15748031496062995,0.125,0.2127659574468085,0.75
0.0,0.4,0.4,0.2,0.10891089108910891,0.07096774193548387,0.23404255319148937,0.65
0.0,0.4,0.5,0.1,0.08441558441558442,0.04980842911877394,0.2765957446808511,0.6
0.0,0.4,0.6,0.0,0.07827788649706459,0.04310344827586207,0.425531914893617,0.55
0.0,0.5,0.0,0.5,0.16170212765957448,0.10106382978723404,0.40425531914893614,0.9
0.0,0.5,0.1,0.4,0.1652892561983471,0.13513513513513514,0.2127659574468085,0.9
0.0,0.5,0.2,0.3,0.15151515151515152,0.11764705882352941,0.2127659574468085,0.8
0.0,0.5,0.3,0.2,0.13333333333333333,0.0970873786407767,0.2127659574468085,0.75
0.0,0.5,0.4,0.1,0.08983451536643025,0.05053191489361702,0.40425531914893614,0.65
0.0,0.5,0.5,0.0,0.08536585365853659,0.0498220640569395,0.2978723404255319,0.65
0.0,0.6,0.0,0.4,0.1509433962264151,0.09696969696969697,0.3404255319148936,0.9
0.0,0.6,0.1,0.3,0.1652892561983471,0.13513513513513514,0.2127659574468085,0.9
0.0,0.6,0.2,0.2,0.13414634146341464,0.09401709401709402,0.23404255319148937,0.8
0.0,0.6,0.3,0.1,0.096,0.059113300492610835,0.2553191489361702,0.75
0.0,0.6,0.4,0.0,0.07968127490039842,0.04395604395604396,0.425531914893617,0.7
0.0,0.7,0.0,0.3,0.1509433962264151,0.09696969696969697,0.3404255319148936,0.95
0.0,0.7,0.1,0.2,0.16260162601626016,0.13157894736842105,0.2127659574468085,0.9
0.0,0.7,0.2,0.1,0.09947643979057592,0.056716417910447764,0.40425531914893614,0.8
0.0,0.7,0.3,0.0,0.06795016987542468,0.03588516746411483,0.6382978723404256,0.75
0.0,0.8,0.0,0.2,0.1509433962264151,0.09696969696969697,0.3404255319148936,0.95
0.0,0.8,0.1,0.1,0.13414634146341464,0.09401709401709402,0.23404255319148937,0.9
0.0,0.8,0.2,0.0,0.07984031936127745,0.04405286343612335,0.425531914893617,0.85
0.0,0.9,0.0,0.1,0.10591900311526481,0.06204379562043796,0.3617021276595745,0.95
0.0,0.9,0.1,0.0,0.06711409395973156,0.03541912632821724,0.6382978723404256,0.9
0.0,1.0,0.0,0.0,0.04425837320574163,0.02276923076923077,0.7872340425531915,0.85
0.1,0.0,0.0,0.9,0.1492537313432836,0.08450704225352113,0.6382978723404256,0.7
0.1,0.0,0.1,0.8,0.1492537313432836,0.08450704225352113,0.6382978723404256,0.7
0.1,0.0,0.2,0.7,0.1492537313432836,0.08450704225352113,0.6382978723404256,0.7
0.1,0.0,0.3,0.6,0.1782178217821782,0.11612903225806452,0.3829787234042553,0.65
0.1,0.0,0.4,0.5,0.17061611374407584,0.10975609756097561,0.3829787234042553,0.55
0.1,0.0,0.5,0.4,0.16666666666666669,0.11278195488721804,0.3191489361702128,0.5
0.1,0.0,0.6,0.3,0.13970588235294118,0.08444444444444445,0.40425531914893614,0.4
0.1,0.0,0.7,0.2,0.1079136690647482,0.06493506493506493,0.3191489361702128,0.35
0.1,0.0,0.8,0.1,0.10138248847926269,0.06470588235294118,0.23404255319148937,0.35
0.1,0.0,0.9,0.0,0.1027027027027027,0.058823529411764705,0.40425531914893614,0.3
0.1,0.1,0.0,0.8,0.16243654822335024,0.10666666666666667,0.3404255319148936,0.9
0.1,0.1,0.1,0.7,0.16346153846153844,0.10559006211180125,0.3617021276595745,0.8
0.1,0.1,0.2,0.6,0.1679389312977099,0.10232558139534884,0.46808510638297873,0.65
0.1,0.1,0.3,0.5,0.15596330275229356,0.09941520467836257,0.3617021276595745,0.6
0.1,0.1,0.4,0.4,0.14864864864864866,0.10891089108910891,0.23404255319148937,0.55
0.1,0.1,0.5,0.3,0.11659192825112108,0.07386363636363637,0.2765957446808511,0.45
0.1,0.1,0.6,0.2,0.09917355371900824,0.05491990846681922,0.5106382978723404,0.35
0.1,0.1,0.7,0.1,0.09018567639257294,0.051515151515151514,0.3617021276595745,0.35
0.1,0.1,0.8,0.0,0.08045977011494254,0.046511627906976744,0.2978723404255319,0.35
0.1,0.2,0.0,0.7,0.16243654822335024,0.10666666666666667,0.3404255319148936,0.9
0.1,0.2,0.1,0.6,0.16170212765957448,0.10106382978723404,0.40425531914893614,0.75
0.1,0.2,0.2,0.5,0.1626794258373206,0.10493827160493827,0.3617021276595745,0.7
0.1,0.2,0.3,0.4,0.16129032258064513,0.12987012987012986,0.2127659574468085,0.65
0.1,0.2,0.4,0.3,0.1358024691358025,0.09565217391304348,0.23404255319148937,0.55
0.1,0.2,0.5,0.2,0.09944751381215469,0.06716417910447761,0.19148936170212766,0.5
0.1,0.2,0.6,0.1,0.09808102345415778,0.054502369668246446,0.48936170212765956,0.4
0.1,0.2,0.7,0.0,0.0806045340050378,0.045714285714285714,0.3404255319148936,0.4
0.1,0.3,0.0,0.6,0.16243654822335024,0.10666666666666667,0.3404255319148936,0.9
0.1,0.3,0.1,0.5,0.15920398009950248,0.1038961038961039,0.3404255319148936,0.8
0.1,0.3,0.2,0.4,0.1568627450980392,0.10191082802547771,0.3404255319148936,0.7
0.1,0.3,0.3,0.3,0.15267175572519084,0.11904761904761904,0.2127659574468085,0.65
0.1,0.3,0.4,0.2,0.11594202898550723,0.075,0.2553191489361702,0.55
0.1,0.3,0.5,0.1,0.08333333333333334,0.04905660377358491,0.2765957446808511,0.5
0.1,0.3,0.6,0.0,0.07894736842105263,0.04329896907216495,0.44680851063829785,0.45
0.1,0.4,0.0,0.5,0.16243654822335024,0.10666666666666667,0.3404255319148936,0.9
0.1,0.4,0.1,0.4,0.15920398009950248,0.1038961038961039,0.3404255319148936,0.8
0.1,0.4,0.2,0.3,0.14953271028037382,0.09580838323353294,0.3404255319148936,0.7
0.1,0.4,0.3,0.2,0.13071895424836602,0.09433962264150944,0.2127659574468085,0.65
0.1,0.4,0.4,0.1,0.10599078341013825,0.059431524547803614,0.48936170212765956,0.55
0.1,0.4,0.5,0.0,0.08383233532934133,0.04878048780487805,0.2978723404255319,0.55
0.1,0.5,0.0,0.4,0.16243654822335024,0.10666666666666667,0.3404255319148936,0.9
0.1,0.5,0.1,0.3,0.15920398009950248,0.1038961038961039,0.3404255319148936,0.8
0.1,0.5,0.2,0.2,0.13821138211382114,0.08542713567839195,0.3617021276595745,0.7
0.1,0.5,0.3,0.1,0.10196078431372549,0.0625,0.2765957446808511,0.65
0.1,0.5,0.4,0.0,0.08203125,0.04516129032258064,0.44680851063829785,0.6
0.1,0.6,0.0,0.3,0.16243654822335024,0.10666666666666667,0.3404255319148936,0.9
0.1,0.6,0.1,0.2,0.15763546798029554,0.10256410256410256,0.3404255319148936,0.8
0.1,0.6,0.2,0.1,0.10300429184549356,0.057279236276849645,0.5106382978723404,0.7
0.1,0.6,0.3,0.0,0.07518796992481204,0.045662100456621,0.2127659574468085,0.7
0.1,0.7,0.0,0.2,0.16243654822335024,0.10666666666666667,0.3404255319148936,0.9
0.1,0.7,0.1,0.1,0.14400000000000002,0.08866995073891626,0.3829787234042553,0.8
0.1,0.7,0.2,0.0,0.08477842003853565,0.046610169491525424,0.46808510638297873,0.75
0.1,0.8,0.0,0.1,0.17171717171717174,0.11258278145695365,0.3617021276595745,0.9
0.1,0.8,0.1,0.0,0.05825242718446602,0.05357142857142857,0.06382978723404255,0.85
0.1,0.9,0.0,0.0,0.04604853764779091,0.023717948717948717,0.7872340425531915,0.9
0.2,0.0,0.0,0.8,0.1492537313432836,0.08450704225352113,0.6382978723404256,0.65
0.2,0.0,0.1,0.7,0.1492537313432836,0.08450704225352113,0.6382978723404256,0.6
0.2,0.0,0.2,0.6,0.1492537313432836,0.08450704225352113,0.6382978723404256,0.6
0.2,0.0,0.3,0.5,0.175609756097561,0.11392405063291139,0.3829787234042553,0.55
0.2,0.0,0.4,0.4,0.16289592760180996,0.10344827586206896,0.3829787234042553,0.45
0.2,0.0,0.5,0.3,0.14634146341463417,0.0949367088607595,0.3191489361702128,0.4
0.2,0.0,0.6,0.2,0.11640211640211641,0.06646525679758308,0.46808510638297873,0.3
0.2,0.0,0.7,0.1,0.10769230769230771,0.06572769953051644,0.2978723404255319,0.3
0.2,0.0,0.8,0.0,0.10290827740492169,0.0575,0.48936170212765956,0.25
0.2,0.1,0.0,0.7,0.16161616161616163,0.10596026490066225,0.3404255319148936,0.8
0.2,0.1,0.1,0.6,0.1626794258373206,0.10493827160493827,0.3617021276595745,0.7
0.2,0.1,0.2,0.5,0.16176470588235298,0.09777777777777778,0.46808510638297873,0.55
0.2,0.1,0.3,0.4,0.15267175572519084,0.11904761904761904,0.2127659574468085,0.55
0.2,0.1,0.4,0.3,0.12716763005780346,0.0873015873015873,0.23404255319148937,0.45
0.2,0.1,0.5,0.2,0.10416666666666666,0.06896551724137931,0.2127659574468085,0.4
0.2,0.1,0.6,0.1,0.09599999999999999,0.052980132450331126,0.5106382978723404,0.3
0.2,0.1,0.7,0.0,0.07600950118764845,0.0427807486631016,0.3404255319148936,0.3
0.2,0.2,0.0,0.6,0.16243654822335024,0.10666666666666667,0.3404255319148936,0.8
0.2,0.2,0.1,0.5,0.1610169491525424,0.10052910052910052,0.40425531914893614,0.65
0.2,0.2,0.2,0.4,0.16190476190476188,0.10429447852760736,0.3617021276595745,0.6
0.2,0.2,0.3,0.3,0.15151515151515152,0.11764705882352941,0.2127659574468085,0.55
0.2,0.2,0.4,0.2,0.11926605504587155,0.07602339181286549,0.2765957446808511,0.45
0.2,0.2,0.5,0.1,0.09316770186335403,0.05454545454545454,0.3191489361702128,0.4
0.2,0.2,0.6,0.0,0.08633093525179857,0.05194805194805195,0.2553191489361702,0.4
0.2,0.3,0.0,0.5,0.16243654822335024,0.10666666666666667,0.3404255319148936,0.8
0.2,0.3,0.1,0.4,0.15841584158415842,0.1032258064516129,0.3404255319148936,0.7
0.2,0.3,0.2,0.3,0.14953271028037382,0.09580838323353294,0.3404255319148936,0.6
0.2,0.3,0.3,0.2,0.14012738853503187,0.1,0.23404255319148937,0.55
0.2,0.3,0.4,0.1,0.10430839002267575,0.0583756345177665,0.48936170212765956,0.45
0.2,0.3,0.5,0.0,0.08670520231213871,0.05016722408026756,0.3191489361702128,0.45
0.2,0.4,0.0,0.4,0.16243654822335024,0.10666666666666667,0.3404255319148936,0.8
0.2,0.4,0.1,0.3,0.15920398009950248,0.1038961038961039,0.3404255319148936,0.7
0.2,0.4,0.2,0.2,0.14342629482071712,0.08823529411764706,0.3829787234042553,0.6
0.2,0.4,0.3,0.1,0.10687022900763357,0.06511627906976744,0.2978723404255319,0.55
0.2,0.4,0.4,0.0,0.08413001912045888,0.046218487394957986,0.46808510638297873,0.5
0.2,0.5,0.0,0.3,0.16243654822335024,0.10666666666666667,0.3404255319148936,0.8
0.2,0.5,0.1,0.2,0.16666666666666669,0.10828025477707007,0.3617021276595745,0.7
0.2,0.5,0.2,0.1,0.10460251046025106,0.058004640371229696,0.5319148936170213,0.6
0.2,0.5,0.3,0.0,0.08602150537634408,0.05172413793103448,0.2553191489361702,0.6
0.2,0.6,0.0,0.2,0.17171717171717174,0.11258278145695365,0.3617021276595745,0.8
0.2,0.6,0.1,0.1,0.1411764705882353,0.08653846153846154,0.3829787234042553,0.7
0.2,0.6,0.2,0.0,0.08178438661710036,0.04480651731160896,0.46808510638297873,0.65
0.2,0.7,0.0,0.1,0.1691542288557214,0.11038961038961038,0.3617021276595745,0.8
0.2,0.7,0.1,0.0,0.13445378151260506,0.1111111111111111,0.1702127659574468,0.75
0.2,0.8,0.0,0.0,0.1,0.23076923076923078,0.06382978723404255,0.85
0.3,0.0,0.0,0.7,0.15308641975308643,0.08659217877094973,0.6595744680851063,0.55
0.3,0.0,0.1,0.6,0.15308641975308643,0.08659217877094973,0.6595744680851063,0.5
0.3,0.0,0.2,0.5,0.14975845410628016,0.08446866485013624,0.6595744680851063,0.45
0.3,0.0,0.3,0.4,0.18357487922705315,0.11875,0.40425531914893614,0.45
0.3,0.0,0.4,0.3,0.16666666666666666,0.1024390243902439,0.44680851063829785,0.35
0.3,0.0,0.5,0.2,0.15267175572519082,0.09302325581395349,0.425531914893617,0.3
0.3,0.0,0.6,0.1,0.11515151515151517,0.06713780918727916,0.40425531914893614,0.25
0.3,0.0,0.7,0.0,0.09836065573770493,0.05813953488372093,0.3191489361702128,0.25
0.3,0.1,0.0,0.6,0.16080402010050251,0.10526315789473684,0.3404255319148936,0.7
0.3,0.1,0.1,0.5,0.16190476190476188,0.10429447852760736,0.3617021276595745,0.6
0.3,0.1,0.2,0.4,0.1588785046728972,0.10179640718562874,0.3617021276595745,0.5
0.3,0.1,0.3,0.3,0.1714285714285714,0.12903225806451613,0.2553191489361702,0.45
0.3,0.1,0.4,0.2,0.13852813852813853,0.08695652173913043,0.3404255319148936,0.35
0.3,0.1,0.5,0.1,0.1037463976945245,0.06,0.3829787234042553,0.3
0.3,0.1,0.6,0.0,0.08080808080808081,0.048,0.2553191489361702,0.3
0.3,0.2,0.0,0.5,0.16161616161616163,0.10596026490066225,0.3404255319148936,0.7
0.3,0.2,0.1,0.4,0.16736401673640167,0.10416666666666667,0.425531914893617,0.55
0.3,0.2,0.2,0.3,0.16216216216216214,0.10285714285714286,0.3829787234042553,0.5
0.3,0.2,0.3,0.2,0.1509433962264151,0.10714285714285714,0.2553191489361702,0.45
0.3,0.2,0.4,0.1,0.10256410256410257,0.057007125890736345,0.5106382978723404,0.35
0.3,0.2,0.5,0.0,0.0879120879120879,0.050473186119873815,0.3404255319148936,0.35
0.3,0.3,0.0,0.4,0.16243654822335024,0.10666666666666667,0.3404255319148936,0.7
0.3,0.3,0.1,0.3,0.16748768472906403,0.10897435897435898,0.3617021276595745,0.6
0.3,0.3,0.2,0.2,0.14229249011857706,0.08737864077669903,0.3829787234042553,0.5
0.3,0.3,0.3,0.1,0.12408759124087593,0.07488986784140969,0.3617021276595745,0.45
0.3,0.3,0.4,0.0,0.08193668528864059,0.044897959183673466,0.46808510638297873,0.4
0.3,0.4,0.0,0.3,0.17171717171717174,0.11258278145695365,0.3617021276595745,0.7
0.3,0.4,0.1,0.2,0.16585365853658537,0.10759493670886076,0.3617021276595745,0.6
0.3,0.4,0.2,0.1,0.10288065843621398,0.05694760820045558,0.5319148936170213,0.5
0.3,0.4,0.3,0.0,0.09655172413793103,0.05761316872427984,0.2978723404255319,0.5
0.3,0.5,0.0,0.2,0.17085427135678394,0.1118421052631579,0.3617021276595745,0.7
0.3,0.5,0.1,0.1,0.1417910447761194,0.08597285067873303,0.40425531914893614,0.6
0.3,0.5,0.2,0.0,0.0892857142857143,0.07692307692307693,0.10638297872340426,0.6
0.3,0.6,0.0,0.1,0.16504854368932037,0.1069182389937107,0.3617021276595745,0.7
0.3,0.6,0.1,0.0,0.15267175572519084,0.11904761904761904,0.2127659574468085,0.65
0.3,0.7,0.0,0.0,0.20289855072463767,0.3181818181818182,0.14893617021276595,0.75
0.4,0.0,0.0,0.6,0.1492537313432836,0.08450704225352113,0.6382978723404256,0.55
0.4,0.0,0.1,0.5,0.15384615384615385,0.08707865168539326,0.6595744680851063,0.45
0.4,0.0,0.2,0.4,0.16,0.1282051282051282,0.2127659574468085,0.45
0.4,0.0,0.3,0.3,0.19999999999999998,0.12716763005780346,0.46808510638297873,0.35
0.4,0.0,0.4,0.2,0.1481481481481481,0.10434782608695652,0.2553191489361702,0.3
0.4,0.0,0.5,0.1,0.1319796954314721,0.08666666666666667,0.2765957446808511,0.25
0.4,0.0,0.6,0.0,0.12068965517241378,0.10144927536231885,0.14893617021276595,0.3
0.4,0.1,0.0,0.5,0.16080402010050251,0.10526315789473684,0.3404255319148936,0.6
0.4,0.1,0.1,0.4,0.17061611374407584,0.10975609756097561,0.3829787234042553,0.5
0.4,0.1,0.2,0.3,0.1754385964912281,0.11049723756906077,0.425531914893617,0.4
0.4,0.1,0.3,0.2,0.1744186046511628,0.12,0.3191489361702128,0.35
0.4,0.1,0.4,0.1,0.13888888888888892,0.2,0.10638297872340426,0.4
0.4,0.1,0.5,0.0,0.11267605633802817,0.16666666666666666,0.0851063829787234,0.4
0.4,0.2,0.0,0.4,0.17085427135678394,0.1118421052631579,0.3617021276595745,0.6
0.4,0.2,0.1,0.3,0.16666666666666669,0.10828025477707007,0.3617021276595745,0.5
0.4,0.2,0.2,0.2,0.15671641791044777,0.09502262443438914,0.44680851063829785,0.4
0.4,0.2,0.3,0.1,0.13013698630136986,0.07755102040816327,0.40425531914893614,0.35
0.4,0.2,0.4,0.0,0.09821428571428573,0.062146892655367235,0.23404255319148937,0.35
0.4,0.3,0.0,0.3,0.17085427135678394,0.1118421052631579,0.3617021276595745,0.6
0.4,0.3,0.1,0.2,0.169811320754717,0.10909090909090909,0.3829787234042553,0.5
0.4,0.3,0.2,0.1,0.13740458015267173,0.10714285714285714,0.19148936170212766,0.45
0.4,0.3,0.3,0.0,0.1090909090909091,0.375,0.06382978723404255,0.55
0.4,0.4,0.0,0.2,0.16831683168316833,0.10967741935483871,0.3617021276595745,0.6
0.4,0.4,0.1,0.1,0.17910447761194026,0.3,0.1276595744680851,0.55
0.4,0.4,0.2,0.0,0.14754098360655737,0.12,0.19148936170212766,0.5
0.4,0.5,0.0,0.1,0.17142857142857143,0.11042944785276074,0.3829787234042553,0.6
0.4,0.5,0.1,0.0,0.14864864864864866,0.10891089108910891,0.23404255319148937,0.55
0.4,0.6,0.0,0.0,0.25,0.30303030303030304,0.2127659574468085,0.65
0.5,0.0,0.0,0.5,0.15647921760391198,0.08839779005524862,0.6808510638297872,0.4
0.5,0.0,0.1,0.4,0.19999999999999998,0.30434782608695654,0.14893617021276595,0.45
0.5,0.0,0.2,0.3,0.22222222222222224,0.17045454545454544,0.3191489361702128,0.35
0.5,0.0,0.3,0.2,0.19083969465648856,0.11627906976744186,0.5319148936170213,0.25
0.5,0.0,0.4,0.1,0.15789473684210525,0.0958904109589041,0.44680851063829785,0.2
0.5,0.0,0.5,0.0,0.14999999999999997,0.18181818181818182,0.1276595744680851,0.3
0.5,0.1,0.0,0.4,0.17886178861788618,0.11055276381909548,0.46808510638297873,0.45
0.5,0.1,0.1,0.3,0.19266055045871558,0.12280701754385964,0.44680851063829785,0.4
0.5,0.1,0.2,0.2,0.1834862385321101,0.16129032258064516,0.2127659574468085,0.35
0.5,0.1,0.3,0.1,0.17241379310344826,0.45454545454545453,0.10638297872340426,0.45
0.5,0.1,0.4,0.0,0.1492537313432836,0.25,0.10638297872340426,0.4
0.5,0.2,0.0,0.3,0.18548387096774197,0.11442786069651742,0.48936170212765956,0.45
0.5,0.2,0.1,0.2,0.23188405797101447,0.36363636363636365,0.1702127659574468,0.45
0.5,0.2,0.2,0.1,0.18666666666666665,0.25,0.14893617021276595,0.4
0.5,0.2,0.3,0.0,0.16393442622950818,0.13333333333333333,0.2127659574468085,0.35
0.5,0.3,0.0,0.2,0.1935483870967742,0.4,0.1276595744680851,0.55
0.5,0.3,0.1,0.1,0.2631578947368421,0.3448275862068966,0.2127659574468085,0.45
0.5,0.3,0.2,0.0,0.1818181818181818,0.1411764705882353,0.2553191489361702,0.4
0.5,0.4,0.0,0.1,0.18749999999999997,0.35294117647058826,0.1276595744680851,0.55
0.5,0.4,0.1,0.0,0.2191780821917808,0.3076923076923077,0.1702127659574468,0.5
0.5,0.5,0.0,0.0,0.25287356321839083,0.275,0.23404255319148937,0.55
0.6,0.0,0.0,0.4,0.21538461538461537,0.3888888888888889,0.14893617021276595,0.45
0.6,0.0,0.1,0.3,0.20779220779220778,0.26666666666666666,0.1702127659574468,0.35
0.6,0.0,0.2,0.2,0.2692307692307692,0.1926605504587156,0.44680851063829785,0.25
0.6,0.0,0.3,0.1,0.22377622377622378,0.16666666666666666,0.3404255319148936,0.2
0.6,0.0,0.4,0.0,0.1917808219178082,0.2692307692307692,0.14893617021276595,0.3
0.6,0.1,0.0,0.3,0.21875,0.4117647058823529,0.14893617021276595,0.45
0.6,0.1,0.1,0.2,0.23684210526315788,0.3103448275862069,0.19148936170212766,0.35
0.6,0.1,0.2,0.1,0.2619047619047619,0.2972972972972973,0.23404255319148937,0.3
0.6,0.1,0.3,0.0,0.183206106870229,0.14285714285714285,0.2553191489361702,0.25
0.6,0.2,0.0,0.2,0.2647058823529412,0.42857142857142855,0.19148936170212766,0.45
0.6,0.2,0.1,0.1,0.23809523809523814,0.2702702702702703,0.2127659574468085,0.35
0.6,0.2,0.2,0.0,0.23255813953488375,0.2564102564102564,0.2127659574468085,0.35
0.6,0.3,0.0,0.1,0.26666666666666666,0.35714285714285715,0.2127659574468085,0.45
0.6,0.3,0.1,0.0,0.26506024096385544,0.3055555555555556,0.23404255319148937,0.4
0.6,0.4,0.0,0.0,0.2702702702702703,0.37037037037037035,0.2127659574468085,0.5
0.7,0.0,0.0,0.3,0.2894736842105263,0.3793103448275862,0.23404255319148937,0.35
0.7,0.0,0.1,0.2,0.3010752688172043,0.30434782608695654,0.2978723404255319,0.25
0.7,0.0,0.2,0.1,0.2894736842105263,0.3793103448275862,0.23404255319148937,0.25
0.7,0.0,0.3,0.0,0.2696629213483146,0.2857142857142857,0.2553191489361702,0.2
0.7,0.1,0.0,0.2,0.2631578947368421,0.3448275862068966,0.2127659574468085,0.35
0.7,0.1,0.1,0.1,0.26666666666666666,0.35714285714285715,0.2127659574468085,0.3
0.7,0.1,0.2,0.0,0.25,0.2682926829268293,0.23404255319148937,0.25
0.7,0.2,0.0,0.1,0.275,0.3333333333333333,0.23404255319148937,0.35
0.7,0.2,0.1,0.0,0.26666666666666666,0.27906976744186046,0.2553191489361702,0.3
0.7,0.3,0.0,0.0,0.271604938271605,0.3235294117647059,0.23404255319148937,0.4
0.8,0.0,0.0,0.2,0.2988505747126437,0.325,0.2765957446808511,0.25
0.8,0.0,0.1,0.1,0.3181818181818182,0.34146341463414637,0.2978723404255319,0.2
0.8,0.0,0.2,0.0,0.32380952380952377,0.29310344827586204,0.3617021276595745,0.15
0.8,0.1,0.0,0.1,0.28205128205128205,0.3548387096774194,0.23404255319148937,0.3
0.8,0.1,0.1,0.0,0.30303030303030304,0.28846153846153844,0.3191489361702128,0.2
0.8,0.2,0.0,0.0,0.2857142857142857,0.29545454545454547,0.2765957446808511,0.3
0.9,0.0,0.0,0.1,0.3243243243243243,0.28125,0.3829787234042553,0.15
0.9,0.0,0.1,0.0,0.3333333333333333,0.26582278481012656,0.44680851063829785,0.1
0.9,0.1,0.0,0.0,0.2926829268292683,0.34285714285714286,0.2553191489361702,0.25
1.0,0.0,0.0,0.0,0.33599999999999997,0.2692307692307692,0.44680851063829785,0.1
