위성명,NORAD_ID,통과시간(UTC),최대앙각(°),궤도고도(km)
STARLINK-3927,52569,2022-08-04 13:30:00,89.5,543.1
TBA - TO BE ASSIGNED,270020,2022-08-04 12:02:00,89.2,938.7
TBA - TO BE ASSIGNED,82798,2022-08-04 01:19:00,89.0,865.6
MINOTAUR 4 DEB,52975,2022-08-04 02:34:00,88.4,624.4
STARLINK-4048,52839,2022-08-04 17:12:00,88.0,465.7
TBA - TO BE ASSIGNED,81366,2022-08-04 01:30:00,87.6,961.1
TBA - TO BE ASSIGNED,82526,2022-08-04 12:34:00,87.5,889.7
TBA - TO BE ASSIGNED,89494,2022-08-04 12:08:00,87.4,927.5
TBA - TO BE ASSIGNED,87883,2022-08-04 02:38:00,87.4,1060.1
TBA - TO BE ASSIGNED,82303,2022-08-04 01:45:00,87.3,1097.4
TBA - TO BE ASSIGNED,87448,2022-08-04 01:11:00,87.1,909.8
TBA - TO BE ASSIGNED,270194,2022-08-04 09:22:00,87.0,1071.1
TBA - TO BE ASSIGNED,89389,2022-08-04 18:06:00,86.9,611.9
TBA - TO BE ASSIGNED,270077,2022-08-04 18:58:00,86.8,1177.9
YAOGAN-35 F,52909,2022-08-04 22:47:00,86.7,501.5
TBA - TO BE ASSIGNED,82250,2022-08-04 15:36:00,86.7,933.6
TBA - TO BE ASSIGNED,89460,2022-08-04 07:19:00,86.4,1169.0
TBA - TO BE ASSIGNED,270208,2022-08-04 09:41:00,86.3,1093.1
TBA - TO BE ASSIGNED,87235,2022-08-04 19:22:00,86.1,896.4
H-2A DEB,53329,2022-08-04 18:06:00,85.6,568.0
STARLINK-4074,52678,2022-08-04 15:06:00,85.3,543.1
TBA - TO BE ASSIGNED,53359,2022-08-04 07:49:00,85.1,618.5
TBA - TO BE ASSIGNED,81279,2022-08-04 07:31:00,85.0,995.8
STARLINK-3946,52693,2022-08-04 15:10:00,84.9,543.0
COSMOS 1408 DEB,52571,2022-08-04 10:47:00,84.7,595.2
RANDEV,52898,2022-08-04 19:23:00,84.6,705.3
TBA - TO BE ASSIGNED,53360,2022-08-04 07:48:00,84.5,620.0
STARLINK-4015,52616,2022-08-04 08:55:00,84.5,543.8
SBUDNIC,52774,2022-08-04 05:33:00,84.4,531.7
COSMOS 1408 DEB,52921,2022-08-04 21:54:00,84.2,462.2
STARLINK-4075,52670,2022-08-04 15:47:00,83.9,542.9
TBA - TO BE ASSIGNED,82526,2022-08-04 01:11:00,83.4,835.1
FREGAT DEB,52961,2022-08-04 02:48:00,83.4,912.0
H-2A DEB,53326,2022-08-04 06:35:00,83.2,543.9
TBA - TO BE ASSIGNED,81865,2022-08-04 12:10:00,83.2,1004.6
KSLV-II DUMMY,52895,2022-08-04 19:24:00,83.0,705.4
TBA - TO BE ASSIGNED,270100,2022-08-04 07:49:00,82.9,816.4
STARLINK-4049,52840,2022-08-04 17:14:00,82.5,465.9
TBA - TO BE ASSIGNED,270053,2022-08-04 02:20:00,82.5,1006.6
TBA - TO BE ASSIGNED,270220,2022-08-04 03:07:00,82.4,829.6
OBJECT B,52717,2022-08-04 02:23:00,82.2,1041.2
SNUGLITE-II,52899,2022-08-04 19:24:00,82.2,705.3
TBA - TO BE ASSIGNED,87300,2022-08-04 12:20:00,82.1,944.0
COSMOS 1408 DEB,52809,2022-08-04 11:09:00,82.1,687.8
TBA - TO BE ASSIGNED,270022,2022-08-04 23:05:00,82.1,1112.9
STEP CUBE LAB-II,52897,2022-08-04 19:24:00,82.1,705.3
TBA - TO BE ASSIGNED,81640,2022-08-04 14:07:00,81.8,1007.0
TBA - TO BE ASSIGNED,270278,2022-08-04 04:03:00,81.6,1162.8
TBA - TO BE ASSIGNED,270134,2022-08-04 11:48:00,81.4,1045.4
TBA - TO BE ASSIGNED,82410,2022-08-04 22:37:00,81.4,989.6
H-2A DEB,53118,2022-08-04 06:40:00,81.3,511.3
STARLINK-3992,52627,2022-08-04 23:25:00,81.3,543.3
TBA - TO BE ASSIGNED,87433,2022-08-04 18:34:00,81.3,1113.3
TBA - TO BE ASSIGNED,82383,2022-08-04 01:57:00,81.2,621.6
STARLINK-4154,53133,2022-08-04 03:14:00,81.2,356.0
TBA - TO BE ASSIGNED,81438,2022-08-04 20:52:00,81.1,1126.1
TBA - TO BE ASSIGNED,270075,2022-08-04 15:57:00,81.0,1011.2
TBA - TO BE ASSIGNED,53357,2022-08-04 07:53:00,80.9,521.9
STARLINK-3910,52586,2022-08-04 22:46:00,80.9,544.1
COSMOS 1408 DEB,52815,2022-08-04 10:07:00,80.8,434.2
TBA - TO BE ASSIGNED,87071,2022-08-04 13:12:00,80.8,616.6
TBA - TO BE ASSIGNED,87426,2022-08-04 07:25:00,80.7,824.3
TBA - TO BE ASSIGNED,81425,2022-08-04 15:02:00,80.7,958.9
OBJECT C,52787,2022-08-04 03:41:00,80.6,604.2
STARLINK-4019,52598,2022-08-04 00:38:00,80.5,543.4
TBA - TO BE ASSIGNED,87883,2022-08-04 15:10:00,80.5,769.6
STARLINK-4208,52844,2022-08-04 17:10:00,80.5,464.3
TBA - TO BE ASSIGNED,87271,2022-08-04 09:46:00,80.4,682.4
TBA - TO BE ASSIGNED,89183,2022-08-04 17:03:00,80.4,879.0
FREGAT DEB,52955,2022-08-04 19:31:00,80.3,980.4
TBA - TO BE ASSIGNED,82311,2022-08-04 15:18:00,80.2,1118.8
TBA - TO BE ASSIGNED,87942,2022-08-04 20:36:00,80.1,589.7
TBA - TO BE ASSIGNED,82410,2022-08-04 09:16:00,80.1,945.1
STARLINK-3891,52650,2022-08-04 22:48:00,80.0,352.4
TBA - TO BE ASSIGNED,87334,2022-08-04 13:17:00,80.0,973.2
TBA - TO BE ASSIGNED,87051,2022-08-04 14:22:00,80.0,770.2
TBA - TO BE ASSIGNED,87320,2022-08-04 13:45:00,79.9,786.9
OBJECT J,52793,2022-08-04 18:15:00,79.8,619.7
TBA - TO BE ASSIGNED,82428,2022-08-04 18:33:00,79.8,874.6
TBA - TO BE ASSIGNED,82854,2022-08-04 03:01:00,79.7,865.4
TBA - TO BE ASSIGNED,81449,2022-08-04 12:31:00,79.7,803.6
TBA - TO BE ASSIGNED,53358,2022-08-04 07:53:00,79.6,521.4
TBA - TO BE ASSIGNED,270213,2022-08-04 14:08:00,79.6,960.3
GLOBALSTAR FM15,52888,2022-08-04 01:30:00,79.4,1116.8
TBA - TO BE ASSIGNED,82741,2022-08-04 09:07:00,79.3,1040.3
STARLINK-4005,52686,2022-08-04 00:40:00,79.2,544.4
TBA - TO BE ASSIGNED,89379,2022-08-04 16:53:00,79.1,1075.7
KSLV-II R/B,52896,2022-08-04 19:28:00,79.1,691.9
TBA - TO BE ASSIGNED,82448,2022-08-04 03:43:00,79.0,612.7
TBA - TO BE ASSIGNED,89123,2022-08-04 04:45:00,78.9,785.4
YAOGAN-35 D,52907,2022-08-04 22:47:00,78.9,499.9
STARLINK-4033,52702,2022-08-04 15:24:00,78.8,543.3
TBA - TO BE ASSIGNED,89195,2022-08-04 13:48:00,78.8,837.9
STARLINK-4067,52668,2022-08-04 15:51:00,78.7,542.9
TBA - TO BE ASSIGNED,87448,2022-08-04 12:42:00,78.7,960.0
STARLINK-4006,52676,2022-08-04 01:27:00,78.6,544.7
SLINGSHOT1,52947,2022-08-04 01:32:00,78.5,498.2
STARLINK-4063,53132,2022-08-04 03:13:00,78.5,354.9
STARLINK-4016,52603,2022-08-04 09:36:00,78.4,544.0
TBA - TO BE ASSIGNED,82524,2022-08-04 17:54:00,78.3,908.7
TBA - TO BE ASSIGNED,87237,2022-08-04 00:04:00,78.3,1009.5
STARLINK-4023,53135,2022-08-04 03:14:00,78.2,354.3
TBA - TO BE ASSIGNED,270140,2022-08-04 19:32:00,78.2,873.3
TBA - TO BE ASSIGNED,81380,2022-08-04 04:33:00,78.1,750.9
TBA - TO BE ASSIGNED,81317,2022-08-04 06:19:00,78.0,970.9
COSMOS 1408 DEB,52816,2022-08-04 21:45:00,77.9,453.7
TBA - TO BE ASSIGNED,82617,2022-08-04 08:10:00,77.8,753.6
TBA - TO BE ASSIGNED,81749,2022-08-04 21:43:00,77.8,1081.1
TBA - TO BE ASSIGNED,89261,2022-08-04 11:36:00,77.7,770.2
TBA - TO BE ASSIGNED,87237,2022-08-04 11:32:00,77.7,873.7
OBJECT C,52718,2022-08-04 02:10:00,77.6,888.0
COSMOS 1408 DEB,53097,2022-08-04 21:36:00,77.6,434.8
STARLINK-4068,52681,2022-08-04 00:46:00,77.6,544.9
OBJECT A,52716,2022-08-04 02:09:00,77.6,887.2
H-2A DEB,53328,2022-08-04 18:10:00,77.4,560.0
TBA - TO BE ASSIGNED,85383,2022-08-04 04:23:00,77.3,703.7
STARLINK-4064,52665,2022-08-04 15:46:00,77.3,542.7
STARLINK-3979,52608,2022-08-04 09:31:00,77.2,544.2
TBA - TO BE ASSIGNED,82494,2022-08-04 10:21:00,77.2,730.6
COSMOS 1408 DEB,52824,2022-08-04 10:52:00,77.1,595.4
STARLINK-4202,52848,2022-08-04 17:08:00,77.1,463.6
COSMOS 1408 DEB,52815,2022-08-04 21:35:00,77.1,466.2
TBA - TO BE ASSIGNED,85266,2022-08-04 17:26:00,77.0,584.8
OBJECT H,52792,2022-08-04 18:23:00,77.0,619.7
HAWK-5B,52756,2022-08-04 05:35:00,76.9,540.9
ICEYE-X18,52749,2022-08-04 05:34:00,76.9,539.2
TBA - TO BE ASSIGNED,87335,2022-08-04 01:20:00,76.9,1071.4
TBA - TO BE ASSIGNED,81374,2022-08-04 12:01:00,76.8,761.5
TBA - TO BE ASSIGNED,87456,2022-08-04 08:38:00,76.7,1103.3
TBA - TO BE ASSIGNED,87416,2022-08-04 15:25:00,76.7,807.9
TBA - TO BE ASSIGNED,81775,2022-08-04 04:53:00,76.6,807.9
TBA - TO BE ASSIGNED,82369,2022-08-04 11:35:00,76.6,915.6
YAOGAN-35 F,52909,2022-08-04 05:52:00,76.5,505.9
TBA - TO BE ASSIGNED,270178,2022-08-04 08:28:00,76.5,785.1
COSMOS 1408 DEB,53097,2022-08-04 10:08:00,76.4,458.9
TBA - TO BE ASSIGNED,81123,2022-08-04 09:12:00,76.4,974.8
TBA - TO BE ASSIGNED,87293,2022-08-04 02:40:00,76.4,907.6
TBA - TO BE ASSIGNED,82162,2022-08-04 12:14:00,76.4,1142.0
TBA - TO BE ASSIGNED,87300,2022-08-04 23:46:00,76.4,917.6
STARLINK-3794,52631,2022-08-04 23:14:00,76.3,543.4
TBA - TO BE ASSIGNED,87335,2022-08-04 13:02:00,76.3,971.6
SLINGSHOT1,52947,2022-08-04 16:47:00,76.3,494.6
TBA - TO BE ASSIGNED,270052,2022-08-04 20:13:00,76.3,552.8
STARLINK-4350,53045,2022-08-04 09:49:00,76.2,418.0
TBA - TO BE ASSIGNED,81615,2022-08-04 21:00:00,76.1,753.2
STARLINK-4018,52697,2022-08-04 15:29:00,76.1,543.1
YAOGAN-35 D,52907,2022-08-04 05:52:00,76.1,504.0
STARLINK-3901,52574,2022-08-04 22:34:00,76.1,549.3
TBA - TO BE ASSIGNED,89074,2022-08-04 11:32:00,76.1,1040.7
FREGAT DEB,52956,2022-08-04 05:42:00,76.1,1195.0
TBA - TO BE ASSIGNED,270180,2022-08-04 10:08:00,75.9,763.7
STARLINK-4001,52628,2022-08-04 00:44:00,75.9,543.0
TBA - TO BE ASSIGNED,82250,2022-08-04 02:59:00,75.9,831.8
TBA - TO BE ASSIGNED,82073,2022-08-04 10:31:00,75.9,891.7
TBA - TO BE ASSIGNED,81052,2022-08-04 19:01:00,75.9,606.1
TBA - TO BE ASSIGNED,82683,2022-08-04 19:33:00,75.7,695.7
H-2A DEB,53115,2022-08-04 06:42:00,75.7,496.6
TBA - TO BE ASSIGNED,82873,2022-08-04 03:32:00,75.6,860.6
STARLINK-4102,53143,2022-08-04 03:12:00,75.6,354.2
HAWK-5C,52754,2022-08-04 05:35:00,75.6,540.1
TBA - TO BE ASSIGNED,81667,2022-08-04 05:53:00,75.5,758.6
STARLINK-4037,52663,2022-08-04 15:49:00,75.5,545.5
H-2A DEB,53325,2022-08-04 06:29:00,75.5,601.1
TBA - TO BE ASSIGNED,85386,2022-08-04 05:21:00,75.5,776.0
TBA - TO BE ASSIGNED,81824,2022-08-04 08:53:00,75.4,858.5
STARLINK-4170,53140,2022-08-04 03:13:00,75.4,354.8
TBA - TO BE ASSIGNED,82524,2022-08-04 04:56:00,75.2,720.3
MISR-B-1,52949,2022-08-04 16:55:00,75.2,494.9
TBA - TO BE ASSIGNED,270257,2022-08-04 06:40:00,75.1,755.4
STARLINK-4103,53141,2022-08-04 03:12:00,74.9,354.6
COSMOS 1408 DEB,52816,2022-08-04 10:16:00,74.9,463.8
TBA - TO BE ASSIGNED,89184,2022-08-04 11:06:00,74.9,773.5
TBA - TO BE ASSIGNED,270138,2022-08-04 15:19:00,74.8,626.9
TBA - TO BE ASSIGNED,81535,2022-08-04 09:31:00,74.8,810.4
STARLINK-3976,52673,2022-08-04 01:21:00,74.8,544.2
TBA - TO BE ASSIGNED,81311,2022-08-04 20:38:00,74.8,735.1
TBA - TO BE ASSIGNED,81405,2022-08-04 22:40:00,74.7,940.9
TBA - TO BE ASSIGNED,81696,2022-08-04 03:36:00,74.6,489.8
STARLINK-4034,52700,2022-08-04 15:35:00,74.5,542.6
STARLINK-4201,52856,2022-08-04 07:43:00,74.5,351.8
TBA - TO BE ASSIGNED,89183,2022-08-04 04:14:00,74.4,1055.4
TBA - TO BE ASSIGNED,270119,2022-08-04 23:48:00,74.4,897.0
TBA - TO BE ASSIGNED,270119,2022-08-04 00:39:00,74.3,911.0
TBA - TO BE ASSIGNED,270206,2022-08-04 06:38:00,74.3,683.8
TBA - TO BE ASSIGNED,89494,2022-08-04 00:49:00,74.2,874.3
TBA - TO BE ASSIGNED,53364,2022-08-04 07:41:00,74.0,645.4
YAOGAN-35 E,52908,2022-08-04 05:47:00,73.8,506.1
TBA - TO BE ASSIGNED,270048,2022-08-04 05:04:00,73.8,932.4
TBA - TO BE ASSIGNED,87065,2022-08-04 22:55:00,73.8,915.2
MIMAN,52900,2022-08-04 19:31:00,73.8,705.1
CTIM,52950,2022-08-04 16:56:00,73.8,496.1
TBA - TO BE ASSIGNED,87164,2022-08-04 22:07:00,73.8,700.5
TBA - TO BE ASSIGNED,53357,2022-08-04 07:52:00,73.8,526.4
GHGSAT-C3,52737,2022-08-04 16:57:00,73.7,530.3
COSMOS 1408 DEB,52825,2022-08-04 11:30:00,73.7,575.8
TBA - TO BE ASSIGNED,270229,2022-08-04 19:12:00,73.6,836.2
STARLINK-3867,52587,2022-08-04 22:35:00,73.5,544.0
LEMUR 2 TENNYSONLILY,52732,2022-08-04 16:57:00,73.5,528.9
STARLINK-4076,52667,2022-08-04 15:40:00,73.4,542.9
TBA - TO BE ASSIGNED,270075,2022-08-04 03:14:00,73.4,962.8
TBA - TO BE ASSIGNED,53358,2022-08-04 07:54:00,73.3,505.7
OBJECT E,52948,2022-08-04 01:18:00,73.2,497.9
H-2A DEB,53335,2022-08-04 18:05:00,73.2,544.3
ICEYE-X17,52762,2022-08-04 17:09:00,73.2,525.0
TBA - TO BE ASSIGNED,87878,2022-08-04 00:04:00,73.2,792.3
STARLINK-4036,52837,2022-08-04 17:16:00,73.1,467.0
STARLINK-4341,53052,2022-08-04 09:48:00,73.1,418.1
STARLINK-4331,53046,2022-08-04 09:49:00,73.0,418.7
TBA - TO BE ASSIGNED,82369,2022-08-04 00:10:00,73.0,858.1
TBA - TO BE ASSIGNED,270173,2022-08-04 21:59:00,72.8,657.0
STARLINK-4077,53154,2022-08-04 03:11:00,72.8,354.6
TBA - TO BE ASSIGNED,82517,2022-08-04 23:24:00,72.8,752.8
TBA - TO BE ASSIGNED,53361,2022-08-04 07:40:00,72.8,691.7
TBA - TO BE ASSIGNED,270213,2022-08-04 01:41:00,72.7,683.3
STARLINK-4324,53085,2022-08-04 21:30:00,72.7,416.9
STARLINK-4008,52622,2022-08-04 00:49:00,72.7,543.6
TBA - TO BE ASSIGNED,87681,2022-08-04 03:53:00,72.7,1104.5
TBA - TO BE ASSIGNED,87074,2022-08-04 19:38:00,72.7,1114.1
STARLINK-4065,52841,2022-08-04 17:06:00,72.6,462.6
STARLINK-3928,52606,2022-08-04 09:42:00,72.6,544.3
TBA - TO BE ASSIGNED,270109,2022-08-04 18:47:00,72.6,709.1
STARLINK-4198,52858,2022-08-04 07:43:00,72.6,352.1
STARLINK-3906,52585,2022-08-04 22:40:00,72.6,543.7
TBA - TO BE ASSIGNED,53362,2022-08-04 07:39:00,72.4,695.4
FREGAT DEB,52955,2022-08-04 10:43:00,72.4,367.9
TBA - TO BE ASSIGNED,82915,2022-08-04 14:17:00,72.4,625.8
STARLINK-4318,53086,2022-08-04 21:30:00,72.3,417.4
TBA - TO BE ASSIGNED,81969,2022-08-04 04:10:00,72.3,614.8
TBA - TO BE ASSIGNED,53096,2022-08-04 12:17:00,72.3,513.6
TBA - TO BE ASSIGNED,85151,2022-08-04 11:07:00,72.3,774.0
STARLINK-4184,52852,2022-08-04 07:44:00,72.3,351.8
TBA - TO BE ASSIGNED,81374,2022-08-04 01:25:00,72.3,755.9
TBA - TO BE ASSIGNED,81371,2022-08-04 08:47:00,72.2,760.1
TBA - TO BE ASSIGNED,53363,2022-08-04 07:53:00,72.2,560.5
TBA - TO BE ASSIGNED,89171,2022-08-04 14:36:00,72.2,519.8
TBA - TO BE ASSIGNED,87878,2022-08-04 11:13:00,72.1,826.2
TBA - TO BE ASSIGNED,82617,2022-08-04 20:50:00,71.9,757.7
CZ-4C R/B,52913,2022-08-04 01:55:00,71.8,564.4
STARLINK-3942,52563,2022-08-04 23:34:00,71.7,544.2
VIGORIDE-3,52760,2022-08-04 05:26:00,71.6,541.4
OBJECT D,52788,2022-08-04 03:31:00,71.6,603.6
TBA - TO BE ASSIGNED,82458,2022-08-04 03:01:00,71.6,865.4
TBA - TO BE ASSIGNED,82873,2022-08-04 14:50:00,71.6,831.0
TBA - TO BE ASSIGNED,85011,2022-08-04 08:02:00,71.5,783.9
H-2A DEB,53125,2022-08-04 14:23:00,71.5,819.1
TBA - TO BE ASSIGNED,89003,2022-08-04 13:43:00,71.5,775.0
H-2A DEB,53331,2022-08-04 17:58:00,71.5,511.0
HAWK-5A,52757,2022-08-04 05:35:00,71.5,541.3
STARLINK-4152,53136,2022-08-04 03:14:00,71.5,354.3
SL-4 R/B,52714,2022-08-04 04:03:00,71.4,512.4
TBA - TO BE ASSIGNED,81969,2022-08-04 16:30:00,71.4,619.3
STARLINK-4010,52862,2022-08-04 07:42:00,71.4,352.5
STARLINK-3921,52613,2022-08-04 09:01:00,71.3,544.0
TBA - TO BE ASSIGNED,270169,2022-08-04 01:14:00,71.3,982.0
STARLINK-4022,52629,2022-08-04 23:19:00,71.3,543.4
STARLINK-3774,52680,2022-08-04 14:59:00,71.3,543.5
STARLINK-3934,52675,2022-08-04 15:05:00,71.3,542.6
TBA - TO BE ASSIGNED,89195,2022-08-04 02:37:00,71.2,798.4
STARLINK-4267,52864,2022-08-04 07:42:00,71.0,352.0
COSMOS 1408 DEB,52919,2022-08-04 23:39:00,71.0,617.0
STARLINK-4349,53044,2022-08-04 09:49:00,70.9,417.3
STARLINK-4189,52853,2022-08-04 07:43:00,70.8,352.3
STARLINK-4327,53079,2022-08-04 21:31:00,70.7,417.5
STARLINK-3974,52634,2022-08-04 23:15:00,70.7,543.5
STARLINK-4039,52683,2022-08-04 00:35:00,70.6,544.7
TBA - TO BE ASSIGNED,81893,2022-08-04 15:53:00,70.5,985.6
TBA - TO BE ASSIGNED,81323,2022-08-04 12:54:00,70.5,787.4
TBA - TO BE ASSIGNED,89218,2022-08-04 10:09:00,70.5,1025.2
CZ-2C R/B,53131,2022-08-04 10:04:00,70.4,460.0
TBA - TO BE ASSIGNED,82180,2022-08-04 21:17:00,70.4,829.2
COSMOS 1408 DEB,52820,2022-08-04 23:56:00,70.3,520.4
STARLINK-4031,52679,2022-08-04 00:51:00,70.3,544.7
STARLINK-3983,52618,2022-08-04 08:50:00,70.2,544.2
TBA - TO BE ASSIGNED,270049,2022-08-04 18:36:00,70.1,713.5
TBA - TO BE ASSIGNED,81488,2022-08-04 21:47:00,70.1,1078.3
STARLINK-4337,53053,2022-08-04 09:47:00,69.9,417.7
STARLINK-4022,52629,2022-08-04 23:20:00,69.9,543.2
OBJECT E,52789,2022-08-04 03:24:00,69.8,602.7
STARLINK-4096,53160,2022-08-04 03:10:00,69.8,354.3
STARLINK-4212,52846,2022-08-04 17:04:00,69.8,461.6
TBA - TO BE ASSIGNED,81409,2022-08-04 06:00:00,69.8,822.2
TBA - TO BE ASSIGNED,85047,2022-08-04 04:18:00,69.8,1050.7
TBA - TO BE ASSIGNED,270016,2022-08-04 09:47:00,69.7,1014.1
TBA - TO BE ASSIGNED,82168,2022-08-04 22:20:00,69.7,620.2
TBA - TO BE ASSIGNED,81792,2022-08-04 17:16:00,69.6,1042.9
H-2A DEB,53338,2022-08-04 18:00:00,69.6,548.8
H-2A DEB,53120,2022-08-04 06:44:00,69.6,510.2
STARLINK-3938,52566,2022-08-04 14:23:00,69.5,543.0
STARLINK-4343,53050,2022-08-04 09:48:00,69.5,418.0
TBA - TO BE ASSIGNED,81449,2022-08-04 01:55:00,69.4,744.2
STARLINK-4040,53151,2022-08-04 03:11:00,69.4,354.7
STARLINK-4079,52666,2022-08-04 15:57:00,69.3,542.4
STARLINK-4066,53148,2022-08-04 03:12:00,69.2,354.6
STARLINK-4092,52838,2022-08-04 17:19:00,69.2,467.9
STARLINK-4345,53049,2022-08-04 09:48:00,69.1,418.0
STARLINK-4315,53077,2022-08-04 21:31:00,69.1,417.2
STARLINK-4024,52599,2022-08-04 23:57:00,69.0,543.2
TBA - TO BE ASSIGNED,270070,2022-08-04 13:19:00,68.9,615.9
TBA - TO BE ASSIGNED,81864,2022-08-04 09:04:00,68.9,640.9
OBJECT B,52786,2022-08-04 03:47:00,68.9,604.9
COSMOS 1408 DEB,52820,2022-08-04 12:25:00,68.9,462.6
TBA - TO BE ASSIGNED,270209,2022-08-04 21:49:00,68.9,782.3
TBA - TO BE ASSIGNED,87334,2022-08-04 01:36:00,68.9,1051.4
STARLINK-4195,52870,2022-08-04 07:41:00,68.9,352.2
STARLINK-3930,52568,2022-08-04 13:19:00,68.8,543.2
STARLINK-4185,53139,2022-08-04 03:13:00,68.7,354.8
TBA - TO BE ASSIGNED,85015,2022-08-04 21:10:00,68.6,697.3
STARLINK-4099,53146,2022-08-04 03:12:00,68.6,355.5
COSMOS 1408 DEB,52808,2022-08-04 22:07:00,68.5,512.0
YAOGAN-35 E,52908,2022-08-04 22:42:00,68.3,495.7
STARLINK-3833,52578,2022-08-04 14:18:00,68.3,542.7
TBA - TO BE ASSIGNED,87163,2022-08-04 05:29:00,68.3,1042.5
STARLINK-3957,52562,2022-08-04 13:41:00,68.2,542.8
STARLINK-3960,52659,2022-08-04 01:12:00,68.2,544.2
STARLINK-4333,53088,2022-08-04 21:30:00,68.2,417.5
TBA - TO BE ASSIGNED,87074,2022-08-04 06:15:00,68.1,962.8
STARLINK-4093,53157,2022-08-04 03:10:00,68.1,354.8
STARLINK-4025,52696,2022-08-04 15:16:00,68.0,542.7
STARLINK-4000,52605,2022-08-04 00:33:00,68.0,543.1
STARLINK-3988,52625,2022-08-04 09:05:00,68.0,548.9
STARLINK-3929,52567,2022-08-04 13:36:00,67.8,542.9
STARLINK-4346,53073,2022-08-04 21:32:00,67.8,417.8
STARLINK-3982,52614,2022-08-04 09:06:00,67.8,544.0
STARLINK-4043,52836,2022-08-04 17:21:00,67.8,469.7
STARLINK-4045,53152,2022-08-04 03:11:00,67.8,354.1
STARLINK-4274,52865,2022-08-04 07:41:00,67.7,352.6
TBA - TO BE ASSIGNED,87501,2022-08-04 19:44:00,67.7,719.3
NACHOS-1,52917,2022-08-04 12:11:00,67.7,399.6
H-2A DEB,53344,2022-08-04 18:10:00,67.7,547.7
TBA - TO BE ASSIGNED,81122,2022-08-04 19:08:00,67.7,995.9
TBA - TO BE ASSIGNED,81247,2022-08-04 17:57:00,67.6,714.8
TBA - TO BE ASSIGNED,82112,2022-08-04 05:10:00,67.6,726.7
STARLINK-4321,53082,2022-08-04 21:31:00,67.6,417.8
TBA - TO BE ASSIGNED,87280,2022-08-04 08:21:00,67.5,1024.8
STARLINK-4341,53052,2022-08-04 09:49:00,67.5,424.4
MISR-B-1,52949,2022-08-04 01:40:00,67.4,498.0
STARLINK-3929,52567,2022-08-04 13:35:00,67.4,543.2
TBA - TO BE ASSIGNED,81329,2022-08-04 08:59:00,67.4,931.8
STARLINK-4110,53166,2022-08-04 03:09:00,67.3,354.4
STARLINK-4041,52695,2022-08-04 15:18:00,67.3,543.2
TBA - TO BE ASSIGNED,82616,2022-08-04 02:33:00,67.2,645.1
TBA - TO BE ASSIGNED,270111,2022-08-04 09:53:00,67.2,788.2
TBA - TO BE ASSIGNED,82180,2022-08-04 08:13:00,67.2,621.7
STARLINK-4311,53062,2022-08-04 09:46:00,67.1,418.3
H-2A DEB,53127,2022-08-04 18:12:00,67.1,589.0
TBA - TO BE ASSIGNED,89379,2022-08-04 03:47:00,67.0,1105.7
TBA - TO BE ASSIGNED,81902,2022-08-04 21:21:00,67.0,597.8
STARLINK-4155,53036,2022-08-04 12:46:00,67.0,352.6
TBA - TO BE ASSIGNED,53098,2022-08-04 20:37:00,67.0,674.6
STARLINK-4307,53063,2022-08-04 21:25:00,67.0,418.9
STARLINK-4188,52843,2022-08-04 17:02:00,66.9,460.4
STARLINK-4088,53155,2022-08-04 03:10:00,66.9,356.2
NUSAT-28 (ALICE LEE),52747,2022-08-04 17:10:00,66.8,514.1
TBA - TO BE ASSIGNED,270016,2022-08-04 21:20:00,66.7,1089.4
STARLINK-4084,52657,2022-08-04 01:10:00,66.7,546.6
STARLINK-4055,53161,2022-08-04 03:09:00,66.7,354.4
TBA - TO BE ASSIGNED,81537,2022-08-04 04:24:00,66.5,936.8
STARLINK-3895,52583,2022-08-04 22:51:00,66.5,544.1
TBA - TO BE ASSIGNED,82741,2022-08-04 22:07:00,66.4,935.7
STARLINK-4270,52863,2022-08-04 07:42:00,66.3,351.8
TBA - TO BE ASSIGNED,87304,2022-08-04 18:58:00,66.3,661.6
TBA - TO BE ASSIGNED,81624,2022-08-04 13:17:00,66.3,773.3
STARLINK-4200,52876,2022-08-04 07:40:00,66.2,352.2
TBA - TO BE ASSIGNED,85283,2022-08-04 14:18:00,66.2,718.0
STARLINK-4322,53078,2022-08-04 21:32:00,66.1,417.3
TBA - TO BE ASSIGNED,87164,2022-08-04 11:31:00,66.1,865.0
STARLINK-4126,52867,2022-08-04 07:41:00,66.0,352.0
TBA - TO BE ASSIGNED,81323,2022-08-04 02:00:00,66.0,1196.9
TBA - TO BE ASSIGNED,270162,2022-08-04 17:07:00,66.0,919.7
H-2A DEB,53122,2022-08-04 17:59:00,65.9,544.8
H-2A DEB,53327,2022-08-04 17:54:00,65.9,588.5
STARLINK-4347,53076,2022-08-04 21:32:00,65.7,417.6
STARLINK-4196,52859,2022-08-04 07:42:00,65.6,352.1
OBJECT E,52948,2022-08-04 16:33:00,65.5,492.1
TBA - TO BE ASSIGNED,270218,2022-08-04 16:44:00,65.5,1022.3
TBA - TO BE ASSIGNED,87541,2022-08-04 14:21:00,65.4,1179.9
TBA - TO BE ASSIGNED,270025,2022-08-04 21:03:00,65.4,890.5
TBA - TO BE ASSIGNED,270207,2022-08-04 00:44:00,65.3,787.5
H-2A DEB,53330,2022-08-04 06:24:00,65.2,636.2
TBA - TO BE ASSIGNED,81219,2022-08-04 20:59:00,65.2,969.3
TBA - TO BE ASSIGNED,87405,2022-08-04 15:13:00,65.1,969.5
TBA - TO BE ASSIGNED,270234,2022-08-04 09:27:00,65.1,597.2
MINOTAUR 4 DEB,52980,2022-08-04 15:56:00,65.1,564.7
H-2A DEB,53123,2022-08-04 18:17:00,65.1,566.3
ICEYE-X24,52755,2022-08-04 05:25:00,65.0,539.6
TBA - TO BE ASSIGNED,81667,2022-08-04 16:29:00,65.0,777.4
STARLINK-4071,52671,2022-08-04 01:32:00,65.0,544.5
COSMOS 2556,52713,2022-08-04 03:39:00,65.0,518.1
ION SCV-006,52761,2022-08-04 05:21:00,65.0,541.8
STARLINK-4205,53174,2022-08-04 03:08:00,65.0,355.9
GAOFEN 12 (03),52912,2022-08-04 02:06:00,64.9,648.8
TBA - TO BE ASSIGNED,85175,2022-08-04 08:18:00,64.9,784.4
STARLINK-3945,52691,2022-08-04 15:21:00,64.9,542.6
STARLINK-4344,53072,2022-08-04 21:33:00,64.9,417.7
FREGAT DEB,52961,2022-08-04 17:11:00,64.9,585.1
OBJECT G,52791,2022-08-04 18:36:00,64.8,619.0
TBA - TO BE ASSIGNED,89123,2022-08-04 15:59:00,64.7,862.7
TBA - TO BE ASSIGNED,87280,2022-08-04 21:59:00,64.7,1173.4
TBA - TO BE ASSIGNED,81359,2022-08-04 02:20:00,64.7,935.5
STARLINK-4211,52873,2022-08-04 07:40:00,64.7,352.2
STARLINK-4317,53058,2022-08-04 09:47:00,64.7,418.5
STARLINK-4314,53056,2022-08-04 09:47:00,64.7,417.9
STARLINK-4115,53032,2022-08-04 12:47:00,64.6,352.6
TBA - TO BE ASSIGNED,270025,2022-08-04 08:34:00,64.6,787.2
TBA - TO BE ASSIGNED,85011,2022-08-04 18:40:00,64.6,785.2
STARLINK-4038,53150,2022-08-04 03:11:00,64.6,354.4
TBA - TO BE ASSIGNED,81123,2022-08-04 22:01:00,64.5,980.1
STARLINK-4209,52855,2022-08-04 07:43:00,64.5,351.7
STARLINK-4197,52849,2022-08-04 07:44:00,64.4,351.7
STARLINK-4352,53047,2022-08-04 09:48:00,64.4,418.0
COSMOS 2251 DEB,53093,2022-08-04 08:52:00,64.4,789.8
TBA - TO BE ASSIGNED,81392,2022-08-04 12:27:00,64.3,1013.9
STARLINK-4252,53057,2022-08-04 09:46:00,64.3,418.7
SUPERVIEW NEO-2 02,53130,2022-08-04 10:07:00,64.3,504.9
TBA - TO BE ASSIGNED,81683,2022-08-04 16:04:00,64.3,758.0
TBA - TO BE ASSIGNED,87624,2022-08-04 12:56:00,64.3,721.9
TBA - TO BE ASSIGNED,85246,2022-08-04 04:20:00,64.3,984.1
STARLINK-4153,53037,2022-08-04 12:46:00,64.2,352.6
TBA - TO BE ASSIGNED,89493,2022-08-04 00:24:00,64.2,875.5
COSMOS 1408 DEB,52814,2022-08-04 21:31:00,64.2,444.2
STARLINK-3997,52609,2022-08-04 09:21:00,64.2,543.9
STARLINK-4082,52658,2022-08-04 01:10:00,64.1,543.8
STARLINK-4157,53035,2022-08-04 12:46:00,64.1,353.0
TBA - TO BE ASSIGNED,81069,2022-08-04 21:45:00,64.1,1110.9
COSMOS 1408 DEB,52919,2022-08-04 11:54:00,64.1,584.3
TBA - TO BE ASSIGNED,270105,2022-08-04 21:51:00,64.0,770.3
TBA - TO BE ASSIGNED,270229,2022-08-04 06:28:00,64.0,996.0
TBA - TO BE ASSIGNED,89146,2022-08-04 17:42:00,64.0,737.3
TBA - TO BE ASSIGNED,270069,2022-08-04 09:39:00,64.0,964.5
STARLINK-4204,52854,2022-08-04 07:43:00,63.9,352.1
H-2A DEB,53342,2022-08-04 06:21:00,63.9,653.5
TBA - TO BE ASSIGNED,82199,2022-08-04 00:09:00,63.8,964.5
TBA - TO BE ASSIGNED,89327,2022-08-04 23:21:00,63.8,952.3
STARLINK-4158,53027,2022-08-04 12:47:00,63.8,352.4
STARLINK-4027,52601,2022-08-04 23:50:00,63.8,543.2
TBA - TO BE ASSIGNED,270182,2022-08-04 16:53:00,63.7,846.9
STARLINK-4139,52879,2022-08-04 07:39:00,63.7,352.1
TBA - TO BE ASSIGNED,81405,2022-08-04 09:52:00,63.7,1056.0
OBJECT H,52951,2022-08-04 17:01:00,63.6,496.4
TBA - TO BE ASSIGNED,270215,2022-08-04 19:08:00,63.6,913.0
STARLINK-4114,53162,2022-08-04 03:10:00,63.6,354.8
H-2A DEB,53336,2022-08-04 06:44:00,63.6,687.2
STARLINK-4299,53172,2022-08-04 03:08:00,63.6,354.8
STARLINK-4181,52882,2022-08-04 07:39:00,63.6,350.8
TBA - TO BE ASSIGNED,81406,2022-08-04 07:50:00,63.6,586.0
STARLINK-4104,53163,2022-08-04 03:09:00,63.4,354.5
TBA - TO BE ASSIGNED,87706,2022-08-04 17:40:00,63.4,655.6
DUMMY CUBESAT,52983,2022-08-04 19:37:00,63.4,705.6
STARLINK-4035,52690,2022-08-04 00:29:00,63.4,544.1
STARLINK-4320,53059,2022-08-04 09:46:00,63.4,418.1
STARLINK-4098,53153,2022-08-04 03:11:00,63.3,354.6
STARLINK-4013,52604,2022-08-04 09:47:00,63.3,544.1
STARLINK-4186,52880,2022-08-04 07:39:00,63.3,352.4
STARLINK-4117,53169,2022-08-04 03:08:00,63.3,355.7
TBA - TO BE ASSIGNED,81652,2022-08-04 21:03:00,63.3,954.0
STARLINK-3945,52691,2022-08-04 15:22:00,63.3,546.4
STARLINK-4326,53081,2022-08-04 21:31:00,63.3,417.7
STARLINK-4032,52688,2022-08-04 00:31:00,63.2,544.5
STARLINK-4116,53164,2022-08-04 03:09:00,63.2,354.3
TBA - TO BE ASSIGNED,81521,2022-08-04 11:22:00,63.2,666.5
TBA - TO BE ASSIGNED,87730,2022-08-04 11:26:00,63.2,970.7
TBA - TO BE ASSIGNED,87587,2022-08-04 20:49:00,63.2,755.2
TBA - TO BE ASSIGNED,82698,2022-08-04 17:28:00,63.1,836.3
STARLINK-4319,53084,2022-08-04 21:30:00,63.1,418.1
TBA - TO BE ASSIGNED,270086,2022-08-04 09:34:00,63.0,762.1
STARLINK-4207,52871,2022-08-04 07:40:00,63.0,352.5
STARLINK-4309,53066,2022-08-04 09:45:00,62.9,418.3
TBA - TO BE ASSIGNED,81425,2022-08-04 03:22:00,62.8,1044.4
TBA - TO BE ASSIGNED,87113,2022-08-04 11:08:00,62.8,534.5
H-2A DEB,53339,2022-08-04 18:20:00,62.7,482.3
CTIM,52950,2022-08-04 01:41:00,62.7,497.7
TBA - TO BE ASSIGNED,270010,2022-08-04 02:39:00,62.7,1085.6
TBA - TO BE ASSIGNED,82298,2022-08-04 15:59:00,62.5,892.2
STARLINK-4258,53180,2022-08-04 03:07:00,62.5,355.2
TBA - TO BE ASSIGNED,89161,2022-08-04 10:52:00,62.5,743.8
STARLINK-4355,53048,2022-08-04 09:49:00,62.5,418.1
TBA - TO BE ASSIGNED,270130,2022-08-04 11:58:00,62.5,859.6
STARLINK-4073,52672,2022-08-04 15:35:00,62.5,542.9
H-2A DEB,53124,2022-08-04 18:19:00,62.5,541.9
STARLINK-4336,53051,2022-08-04 09:47:00,62.5,417.6
GAOFEN 12 (03),52912,2022-08-04 02:07:00,62.4,647.1
STARLINK-3996,52617,2022-08-04 08:41:00,62.4,548.6
TBA - TO BE ASSIGNED,85027,2022-08-04 21:29:00,62.4,885.6
STARLINK-4046,52842,2022-08-04 17:19:00,62.3,468.5
H-2A DEB,53114,2022-08-04 18:19:00,62.3,492.7
STARLINK-3915,52581,2022-08-04 22:57:00,62.3,544.5
STARLINK-4261,52868,2022-08-04 07:41:00,62.3,352.3
STARLINK-3998,52610,2022-08-04 00:27:00,62.3,543.5
TBA - TO BE ASSIGNED,81380,2022-08-04 16:48:00,62.3,758.5
STARLINK-4187,52850,2022-08-04 17:00:00,62.2,459.4
TBA - TO BE ASSIGNED,270162,2022-08-04 19:09:00,62.2,731.1
TBA - TO BE ASSIGNED,82683,2022-08-04 08:16:00,62.2,985.2
STARLINK-4203,53021,2022-08-04 12:48:00,62.2,352.5
TBA - TO BE ASSIGNED,85010,2022-08-04 01:49:00,62.1,1018.5
UMBRA-03,52753,2022-08-04 05:19:00,62.1,540.2
STARLINK-4323,53069,2022-08-04 21:33:00,62.0,417.3
STARLINK-3893,52579,2022-08-04 00:16:00,62.0,544.6
STARLINK-4137,53031,2022-08-04 12:46:00,62.0,352.9
STARLINK-3741,52619,2022-08-04 08:40:00,62.0,543.7
STARLINK-3955,52561,2022-08-04 23:28:00,61.9,544.3
STARLINK-4080,52835,2022-08-04 17:23:00,61.9,470.0
STARLINK-4193,52875,2022-08-04 07:40:00,61.9,352.2
STARLINK-3917,52588,2022-08-04 22:29:00,61.9,543.7
STARLINK-4298,53177,2022-08-04 03:07:00,61.8,354.8
STARLINK-3967,52636,2022-08-04 23:09:00,61.8,543.9
STARLINK-4339,53054,2022-08-04 09:48:00,61.8,418.7
TBA - TO BE ASSIGNED,87228,2022-08-04 06:30:00,61.8,747.5
TBA - TO BE ASSIGNED,53096,2022-08-04 00:04:00,61.7,730.8
STARLINK-4087,53156,2022-08-04 03:10:00,61.7,354.4
TBA - TO BE ASSIGNED,85061,2022-08-04 23:33:00,61.7,1149.0
NUSAT-31 (RUBY PAYNE-S),52752,2022-08-04 05:41:00,61.7,540.5
STARLINK-4014,52684,2022-08-04 00:57:00,61.6,545.0
TBA - TO BE ASSIGNED,81386,2022-08-04 12:24:00,61.6,774.3
TBA - TO BE ASSIGNED,270178,2022-08-04 20:50:00,61.6,811.5
STARLINK-4145,53137,2022-08-04 03:13:00,61.5,356.0
COSMOS 1408 DEB,52926,2022-08-04 10:33:00,61.5,481.2
STARLINK-4251,53083,2022-08-04 10:02:00,61.5,418.3
STARLINK-4329,53087,2022-08-04 21:30:00,61.5,417.0
TBA - TO BE ASSIGNED,270066,2022-08-04 02:46:00,61.5,688.7
TBA - TO BE ASSIGNED,82187,2022-08-04 09:18:00,61.5,662.1
TBA - TO BE ASSIGNED,89251,2022-08-04 02:20:00,61.4,900.9
STARLINK-4312,53065,2022-08-04 21:34:00,61.3,417.8
TBA - TO BE ASSIGNED,85238,2022-08-04 06:50:00,61.3,949.6
OBJECT A,52785,2022-08-04 03:53:00,61.2,605.0
STARLINK-4344,53072,2022-08-04 09:44:00,61.2,418.2
STARLINK-3989,52630,2022-08-04 23:36:00,61.2,543.2
STARLINK-4106,53145,2022-08-04 03:12:00,61.2,355.0
TBA - TO BE ASSIGNED,81386,2022-08-04 01:38:00,61.2,923.6
TBA - TO BE ASSIGNED,270121,2022-08-04 17:46:00,61.1,738.8
TBA - TO BE ASSIGNED,85210,2022-08-04 15:40:00,61.1,1176.6
STARLINK-4306,53067,2022-08-04 21:33:00,61.0,417.3
H-2A DEB,53334,2022-08-04 06:18:00,61.0,588.4
STARLINK-4119,53026,2022-08-04 12:48:00,60.9,352.5
TBA - TO BE ASSIGNED,87211,2022-08-04 03:41:00,60.9,824.8
TBA - TO BE ASSIGNED,81359,2022-08-04 13:25:00,60.9,964.7
STARLINK-4218,53025,2022-08-04 12:47:00,60.8,352.5
STARLINK-4289,53024,2022-08-04 12:48:00,60.8,352.7
TBA - TO BE ASSIGNED,81535,2022-08-04 20:52:00,60.7,770.1
TBA - TO BE ASSIGNED,87423,2022-08-04 02:19:00,60.7,506.2
TBA - TO BE ASSIGNED,270278,2022-08-04 22:28:00,60.7,869.4
STARLINK-4143,53029,2022-08-04 12:47:00,60.7,352.3
TBA - TO BE ASSIGNED,81674,2022-08-04 09:41:00,60.7,863.0
TBA - TO BE ASSIGNED,82043,2022-08-04 02:14:00,60.7,906.2
STARLINK-4312,53065,2022-08-04 09:45:00,60.6,418.6
STARLINK-4266,52869,2022-08-04 07:41:00,60.6,351.8
TBA - TO BE ASSIGNED,270086,2022-08-04 21:50:00,60.6,786.0
TBA - TO BE ASSIGNED,81564,2022-08-04 04:55:00,60.6,793.4
STARLINK-4300,53173,2022-08-04 03:07:00,60.4,354.5
ICEYE-X20,52759,2022-08-04 17:15:00,60.4,525.6
STARLINK-3967,52636,2022-08-04 23:08:00,60.4,544.1
TBA - TO BE ASSIGNED,87727,2022-08-04 07:07:00,60.4,633.5
STARLINK-4338,53055,2022-08-04 09:47:00,60.4,418.5
STARLINK-4305,53060,2022-08-04 09:46:00,60.4,417.6
STARLINK-4272,52866,2022-08-04 07:42:00,60.3,352.1
STARLINK-4002,52612,2022-08-04 09:18:00,60.3,546.3
TBA - TO BE ASSIGNED,89135,2022-08-04 21:35:00,60.2,815.2
STARLINK-4206,52847,2022-08-04 16:58:00,60.2,458.9
NACHOS-2,52945,2022-08-04 17:04:00,60.2,496.9
TBA - TO BE ASSIGNED,87456,2022-08-04 21:47:00,60.2,1125.0
STARLINK-4160,53030,2022-08-04 12:47:00,60.2,353.0
COSMOS 1408 DEB,52822,2022-08-04 22:06:00,60.1,511.5
TBA - TO BE ASSIGNED,81279,2022-08-04 18:48:00,60.1,709.2
STARLINK-4257,53184,2022-08-04 03:06:00,60.1,354.8
STARLINK-4191,52860,2022-08-04 07:43:00,60.1,351.8
STARLINK-3995,52632,2022-08-04 23:08:00,60.1,548.6
STARLINK-4192,52881,2022-08-04 07:39:00,60.1,352.5
STARLINK-4328,53071,2022-08-04 21:32:00,60.1,417.7
STARLINK-3995,52632,2022-08-04 23:07:00,60.0,548.8
TBA - TO BE ASSIGNED,87426,2022-08-04 20:23:00,59.9,908.6
STARLINK-3972,52669,2022-08-04 01:38:00,59.9,545.1
TBA - TO BE ASSIGNED,82303,2022-08-04 13:44:00,59.9,1178.3
COSMOS 1408 DEB,52824,2022-08-04 22:33:00,59.9,523.2
TBA - TO BE ASSIGNED,270036,2022-08-04 03:13:00,59.9,1077.0
TBA - TO BE ASSIGNED,87706,2022-08-04 06:38:00,59.8,734.8
STARLINK-4292,53175,2022-08-04 03:06:00,59.8,354.6
TBA - TO BE ASSIGNED,82755,2022-08-04 08:21:00,59.8,636.6
STARLINK-4177,53013,2022-08-04 12:49:00,59.8,352.4
STARLINK-4348,53075,2022-08-04 21:32:00,59.7,417.6
STARLINK-4168,52845,2022-08-04 17:00:00,59.7,460.1
STARLINK-4306,53067,2022-08-04 09:44:00,59.7,418.3
STARLINK-4012,52602,2022-08-04 23:44:00,59.7,543.5
STARLINK-4095,53170,2022-08-04 03:08:00,59.6,354.3
H-2A DEB,53117,2022-08-04 17:58:00,59.6,565.2
TBA - TO BE ASSIGNED,87843,2022-08-04 22:43:00,59.6,1088.6
STARLINK-4287,53020,2022-08-04 12:49:00,59.6,352.9
STARLINK-4101,53142,2022-08-04 03:13:00,59.6,356.7
TBA - TO BE ASSIGNED,81499,2022-08-04 04:30:00,59.6,777.1
H-2A DEB,53121,2022-08-04 06:29:00,59.5,478.3
TBA - TO BE ASSIGNED,81824,2022-08-04 21:48:00,59.4,847.2
TBA - TO BE ASSIGNED,270182,2022-08-04 03:53:00,59.4,897.1
STARLINK-4268,53183,2022-08-04 17:52:00,59.3,352.4
TBA - TO BE ASSIGNED,87204,2022-08-04 13:35:00,59.3,857.0
TBA - TO BE ASSIGNED,87650,2022-08-04 02:52:00,59.2,826.7
STARLINK-4311,53062,2022-08-04 21:35:00,59.2,417.6
STARLINK-4150,53134,2022-08-04 03:14:00,59.0,354.7
COSMOS 1408 DEB,52813,2022-08-04 09:55:00,59.0,342.3
STARLINK-4145,53137,2022-08-04 03:14:00,59.0,355.9
STARLINK-4330,53080,2022-08-04 21:31:00,59.0,417.9
COSMOS 1408 DEB,52921,2022-08-04 10:16:00,58.9,578.2
STARLINK-4328,53071,2022-08-04 21:33:00,58.9,420.4
STARLINK-4210,52874,2022-08-04 07:40:00,58.8,352.0
TBA - TO BE ASSIGNED,270285,2022-08-04 09:42:00,58.8,1186.8
STARLINK-3683,53167,2022-08-04 03:08:00,58.8,354.9
STARLINK-4199,52857,2022-08-04 07:42:00,58.8,352.4
TBA - TO BE ASSIGNED,82820,2022-08-04 09:01:00,58.8,861.1
TBA - TO BE ASSIGNED,87203,2022-08-04 05:00:00,58.8,705.9
STARLINK-4346,53073,2022-08-04 09:43:00,58.7,418.3
OBJECT H,52951,2022-08-04 01:45:00,58.7,498.6
TBA - TO BE ASSIGNED,270181,2022-08-04 06:45:00,58.6,804.7
STARLINK-4094,53147,2022-08-04 03:11:00,58.6,354.4
TBA - TO BE ASSIGNED,85292,2022-08-04 16:35:00,58.6,759.5
STARLINK-4156,53038,2022-08-04 12:46:00,58.6,352.2
STARLINK-4028,52677,2022-08-04 14:54:00,58.5,543.3
STARLINK-4325,53068,2022-08-04 21:34:00,58.5,418.4
STARLINK-4308,53061,2022-08-04 09:45:00,58.5,418.3
STARLINK-4052,53171,2022-08-04 17:52:00,58.5,353.0
COSMOS 1408 DEB,52571,2022-08-04 22:28:00,58.5,488.4
STARLINK-4004,52656,2022-08-04 01:05:00,58.4,543.9
STARLINK-4150,53134,2022-08-04 03:13:00,58.4,354.4
TBA - TO BE ASSIGNED,85151,2022-08-04 22:11:00,58.4,763.0
STARLINK-4309,53066,2022-08-04 21:34:00,58.4,418.4
TBA - TO BE ASSIGNED,270034,2022-08-04 11:44:00,58.3,914.1
TBA - TO BE ASSIGNED,89261,2022-08-04 23:53:00,58.2,770.4
STARLINK-4021,53149,2022-08-04 03:09:00,58.2,354.5
STARLINK-4320,53059,2022-08-04 21:35:00,58.2,417.2
TBA - TO BE ASSIGNED,89493,2022-08-04 11:44:00,58.2,928.3
STARLINK-4323,53069,2022-08-04 09:44:00,58.2,418.0
TBA - TO BE ASSIGNED,270168,2022-08-04 05:40:00,58.2,846.4
TBA - TO BE ASSIGNED,270139,2022-08-04 20:23:00,58.2,661.5
STARLINK-4347,53076,2022-08-04 09:43:00,58.2,417.7
H-2A DEB,53345,2022-08-04 06:49:00,58.2,503.8
TBA - TO BE ASSIGNED,270102,2022-08-04 20:09:00,58.1,820.9
STARLINK-4278,53182,2022-08-04 03:07:00,58.1,354.8
TBA - TO BE ASSIGNED,89381,2022-08-04 09:59:00,58.1,644.1
TBA - TO BE ASSIGNED,270162,2022-08-04 21:10:00,58.1,688.6
TBA - TO BE ASSIGNED,82448,2022-08-04 15:37:00,58.1,622.8
TBA - TO BE ASSIGNED,87898,2022-08-04 13:33:00,58.1,795.0
STARLINK-4105,53168,2022-08-04 03:09:00,58.0,354.5
STARLINK-4024,52599,2022-08-04 00:05:00,58.0,543.8
OBJECT E,53320,2022-08-04 04:23:00,58.0,491.9
STARLINK-4276,53179,2022-08-04 03:06:00,58.0,354.6
TBA - TO BE ASSIGNED,85027,2022-08-04 10:23:00,58.0,1009.7
TBA - TO BE ASSIGNED,85106,2022-08-04 11:17:00,57.9,1008.4
GAOFEN 12 (03),52912,2022-08-04 14:08:00,57.9,687.2
TBA - TO BE ASSIGNED,89067,2022-08-04 20:42:00,57.8,430.4
STARLINK-4292,53175,2022-08-04 17:52:00,57.8,352.5
TBA - TO BE ASSIGNED,81844,2022-08-04 20:01:00,57.8,856.8
STARLINK-4100,53144,2022-08-04 03:12:00,57.8,354.2
STARLINK-3962,52708,2022-08-04 14:55:00,57.7,420.4
OBJECT C,53318,2022-08-04 04:25:00,57.7,494.0
STARLINK-4271,53012,2022-08-04 12:50:00,57.7,352.1
STARLINK-4262,53015,2022-08-04 12:49:00,57.6,352.0
TBA - TO BE ASSIGNED,89218,2022-08-04 21:41:00,57.6,971.7
STARLINK-4284,53023,2022-08-04 12:48:00,57.5,352.3
TBA - TO BE ASSIGNED,81509,2022-08-04 10:49:00,57.5,656.2
STARLINK-4030,52698,2022-08-04 15:46:00,57.5,542.5
COSMOS 2251 DEB,53093,2022-08-04 21:41:00,57.5,774.1
GLOBALSTAR FM15,52888,2022-08-04 11:04:00,57.5,1121.8
TBA - TO BE ASSIGNED,81371,2022-08-04 20:55:00,57.5,647.0
STARLINK-4183,53014,2022-08-04 12:50:00,57.5,352.4
STARLINK-3994,52633,2022-08-04 09:12:00,57.4,544.5
STARLINK-4111,53159,2022-08-04 03:10:00,57.4,356.2
TBA - TO BE ASSIGNED,81357,2022-08-04 13:59:00,57.4,510.4
STARLINK-4330,53080,2022-08-04 21:32:00,57.4,417.3
OBJECT AL,52766,2022-08-04 16:50:00,57.4,524.0
CZ-2C R/B,52794,2022-08-04 03:17:00,57.4,590.0
STARLINK-4151,53034,2022-08-04 12:47:00,57.4,352.6
STARLINK-3809,52851,2022-08-04 07:44:00,57.4,351.7
TBA - TO BE ASSIGNED,270202,2022-08-04 18:23:00,57.4,940.4
STARLINK-4313,53064,2022-08-04 09:46:00,57.3,418.7
STARLINK-3941,52638,2022-08-04 23:03:00,57.3,543.9
TBA - TO BE ASSIGNED,85015,2022-08-04 10:43:00,57.2,693.9
RECURVE,52944,2022-08-04 17:08:00,57.1,497.1
STARLINK-3809,52851,2022-08-04 07:43:00,57.1,351.9
TBA - TO BE ASSIGNED,81341,2022-08-04 15:49:00,57.1,978.0
STARLINK-4337,53053,2022-08-04 21:36:00,56.9,416.1
STARLINK-4310,53074,2022-08-04 21:33:00,56.9,417.3
CONNECTA T1-1,52739,2022-08-04 16:50:00,56.9,529.2
STARLINK-4300,53173,2022-08-04 17:53:00,56.9,352.8
STARLINK-3919,52580,2022-08-04 00:21:00,56.9,544.6
STARLINK-4009,52624,2022-08-04 08:39:00,56.8,543.5
TBA - TO BE ASSIGNED,89453,2022-08-04 08:58:00,56.8,637.0
STARLINK-4322,53078,2022-08-04 09:43:00,56.8,418.4
MINOTAUR 4 DEB,52977,2022-08-04 13:51:00,56.7,464.1
COSMOS 1408 DEB,52814,2022-08-04 09:56:00,56.7,540.6
STARLINK-4007,52707,2022-08-04 14:55:00,56.7,420.5
TBA - TO BE ASSIGNED,82112,2022-08-04 16:12:00,56.7,696.7
STARLINK-4112,52861,2022-08-04 07:41:00,56.6,352.6
STARLINK-4327,53079,2022-08-04 09:42:00,56.5,417.8
TBA - TO BE ASSIGNED,81626,2022-08-04 13:38:00,56.5,648.5
STARLINK-4054,53158,2022-08-04 03:11:00,56.5,354.9
TBA - TO BE ASSIGNED,87624,2022-08-04 23:55:00,56.4,645.7
COSMOS 1408 DEB,53094,2022-08-04 22:45:00,56.4,493.4
STARLINK-4167,53033,2022-08-04 12:46:00,56.4,352.5
MINOTAUR 4 DEB,52975,2022-08-04 16:34:00,56.4,575.3
TBA - TO BE ASSIGNED,87305,2022-08-04 11:31:00,56.3,654.7
STARLINK-3975,52620,2022-08-04 10:11:00,56.3,544.5
STARLINK-4282,53019,2022-08-04 12:48:00,56.2,352.5
TBA - TO BE ASSIGNED,270084,2022-08-04 17:16:00,56.2,704.5
OBJECT B,53317,2022-08-04 04:26:00,56.2,495.4
CZ-2D R/B,52910,2022-08-04 23:12:00,56.2,492.1
STARLINK-4317,53058,2022-08-04 21:36:00,56.1,417.6
TBA - TO BE ASSIGNED,270220,2022-08-04 15:58:00,56.1,800.4
TBA - TO BE ASSIGNED,82484,2022-08-04 12:58:00,56.0,1029.6
STARLINK-4315,53077,2022-08-04 09:42:00,56.0,417.6
STARLINK-4342,53070,2022-08-04 21:34:00,56.0,417.6
STARLINK-3836,52577,2022-08-04 14:12:00,56.0,543.5
TBA - TO BE ASSIGNED,87235,2022-08-04 08:12:00,55.9,702.6
STARLINK-4268,53183,2022-08-04 03:06:00,55.9,354.8
STARLINK-3959,52564,2022-08-04 23:23:00,55.9,544.3
TBA - TO BE ASSIGNED,87878,2022-08-04 23:35:00,55.8,790.9
TBA - TO BE ASSIGNED,81497,2022-08-04 18:04:00,55.8,1028.1
TBA - TO BE ASSIGNED,270168,2022-08-04 18:05:00,55.8,833.3
STARLINK-3911,52565,2022-08-04 13:47:00,55.8,542.5
TBA - TO BE ASSIGNED,87730,2022-08-04 23:02:00,55.7,1010.3
STARLINK-4026,52600,2022-08-04 09:53:00,55.7,544.6
STARLINK-3936,52674,2022-08-04 15:29:00,55.7,543.1
STARLINK-4290,53006,2022-08-04 12:51:00,55.6,352.3
STARLINK-4171,52878,2022-08-04 07:40:00,55.5,352.1
STARLINK-4325,53068,2022-08-04 09:45:00,55.5,418.7
COSMOS 1408 DEB,52932,2022-08-04 21:38:00,55.5,459.3
TBA - TO BE ASSIGNED,82500,2022-08-04 22:26:00,55.5,951.7
STARLINK-4273,53181,2022-08-04 17:52:00,55.5,352.8
STARLINK-4279,53018,2022-08-04 12:49:00,55.5,352.8
TBA - TO BE ASSIGNED,81418,2022-08-04 18:20:00,55.5,1103.9
TBA - TO BE ASSIGNED,89184,2022-08-04 22:10:00,55.5,760.0
TBA - TO BE ASSIGNED,81794,2022-08-04 03:22:00,55.5,615.3
STARLINK-4313,53064,2022-08-04 21:35:00,55.4,417.5
STARLINK-3924,52570,2022-08-04 13:14:00,55.4,543.1
STARLINK-4342,53070,2022-08-04 21:33:00,55.4,417.7
TBA - TO BE ASSIGNED,82043,2022-08-04 14:39:00,55.3,641.1
STARLINK-3924,52570,2022-08-04 13:13:00,55.2,543.7
TBA - TO BE ASSIGNED,270066,2022-08-04 22:12:00,55.2,695.7
TBA - TO BE ASSIGNED,85370,2022-08-04 17:10:00,55.2,949.6
STARLINK-4215,53007,2022-08-04 12:50:00,55.2,352.6
STARLINK-3911,52565,2022-08-04 13:46:00,55.1,542.5
TBA - TO BE ASSIGNED,85023,2022-08-04 08:47:00,55.1,803.5
OBJECT B,52717,2022-08-04 14:04:00,55.1,1047.9
STARLINK-3984,52621,2022-08-04 00:01:00,55.1,543.1
STARLINK-4003,52701,2022-08-04 14:56:00,55.1,420.5
CZ-2D DEB,52911,2022-08-04 23:11:00,55.0,492.0
STARLINK-4342,53070,2022-08-04 09:44:00,55.0,417.9
STARLINK-4091,52830,2022-08-04 17:28:00,55.0,472.3
STARLINK-4095,53170,2022-08-04 17:54:00,55.0,352.9
ARMSAT1 URDANETA,52765,2022-08-04 16:49:00,55.0,524.3
TBA - TO BE ASSIGNED,270096,2022-08-04 22:05:00,55.0,800.6
NUSAT-30 (MARGHERITA),52748,2022-08-04 16:50:00,55.0,499.0
TBA - TO BE ASSIGNED,270039,2022-08-04 16:17:00,55.0,907.1
STARLINK-4277,53009,2022-08-04 12:50:00,54.9,352.4
TBA - TO BE ASSIGNED,270069,2022-08-04 17:01:00,54.9,976.3
TBA - TO BE ASSIGNED,89261,2022-08-04 00:32:00,54.9,770.9
STARLINK-4029,52685,2022-08-04 00:24:00,54.9,544.2
STARLINK-4294,53176,2022-08-04 17:53:00,54.9,352.7
STARLINK-4308,53061,2022-08-04 21:34:00,54.8,418.0
CZ-2C DEB,53129,2022-08-04 10:10:00,54.8,504.5
TBA - TO BE ASSIGNED,87113,2022-08-04 00:34:00,54.8,827.3
STARLINK-4255,53003,2022-08-04 12:51:00,54.8,351.7
STARLINK-4213,52872,2022-08-04 07:41:00,54.8,352.1
ICEYE-X19,52758,2022-08-04 17:16:00,54.7,525.8
STARLINK-4314,53056,2022-08-04 21:37:00,54.7,422.2
TBA - TO BE ASSIGNED,89460,2022-08-04 19:15:00,54.7,1108.9
STARLINK-4108,52834,2022-08-04 17:26:00,54.7,471.5
STARLINK-4258,53180,2022-08-04 17:53:00,54.7,352.5
H-2A DEB,53116,2022-08-04 18:24:00,54.7,533.9
STARLINK-4190,53001,2022-08-04 12:51:00,54.7,352.1
TBA - TO BE ASSIGNED,81301,2022-08-04 04:47:00,54.7,1053.1
TBA - TO BE ASSIGNED,89101,2022-08-04 06:40:00,54.6,1192.8
STARLINK-4078,52689,2022-08-04 15:27:00,54.6,542.5
STARLINK-4341,53052,2022-08-04 21:37:00,54.6,417.4
TBA - TO BE ASSIGNED,270053,2022-08-04 13:26:00,54.5,971.3
OBJECT D,53319,2022-08-04 04:25:00,54.5,494.0
STARLINK-4276,53179,2022-08-04 17:51:00,54.4,352.6
TBA - TO BE ASSIGNED,89391,2022-08-04 07:52:00,54.4,540.7
STARLINK-3970,52706,2022-08-04 14:56:00,54.4,420.6
STARLINK-4299,53172,2022-08-04 17:54:00,54.4,352.5
TBA - TO BE ASSIGNED,81893,2022-08-04 03:01:00,54.3,1006.9
TBA - TO BE ASSIGNED,81552,2022-08-04 04:08:00,54.3,1155.3
STARLINK-4257,53184,2022-08-04 17:52:00,54.3,352.6
TBA - TO BE ASSIGNED,89135,2022-08-04 08:38:00,54.2,938.8
OBJECT F,52790,2022-08-04 18:46:00,54.2,618.4
FOSSASAT2E13,52776,2022-08-04 17:18:00,54.2,523.1
NACHOS-2,52945,2022-08-04 01:49:00,54.2,499.2
TBA - TO BE ASSIGNED,87029,2022-08-04 01:26:00,54.1,893.4
TBA - TO BE ASSIGNED,270066,2022-08-04 20:27:00,54.1,699.5
H-2A DEB,53339,2022-08-04 06:26:00,54.1,450.6
TBA - TO BE ASSIGNED,85383,2022-08-04 15:26:00,54.1,723.5
STARLINK-4305,53060,2022-08-04 21:35:00,54.1,417.2
STARLINK-4305,53060,2022-08-04 21:36:00,54.1,418.9
SZ-14,52797,2022-08-04 00:04:00,54.1,390.4
TBA - TO BE ASSIGNED,81122,2022-08-04 06:37:00,54.1,668.6
CSS (WENTIAN),53239,2022-08-04 00:04:00,54.1,390.2
STARLINK-4044,52662,2022-08-04 16:08:00,54.0,542.4
TBA - TO BE ASSIGNED,270173,2022-08-04 09:58:00,54.0,656.5
STARLINK-4318,53086,2022-08-04 09:41:00,54.0,417.9
MINOTAUR 4 DEB,52978,2022-08-04 23:50:00,53.9,567.1
TBA - TO BE ASSIGNED,270085,2022-08-04 05:17:00,53.9,926.5
STARLINK-4090,53165,2022-08-04 17:54:00,53.9,352.7
STARLINK-4281,53017,2022-08-04 12:49:00,53.9,352.3
TBA - TO BE ASSIGNED,89048,2022-08-04 02:31:00,53.9,665.6
GUARDIAN,52775,2022-08-04 05:44:00,53.9,541.0
STARLINK-4090,53165,2022-08-04 03:08:00,53.8,354.0
STARLINK-4310,53074,2022-08-04 09:44:00,53.8,417.7
TBA - TO BE ASSIGNED,82051,2022-08-04 14:17:00,53.8,914.6
TBA - TO BE ASSIGNED,270078,2022-08-04 11:10:00,53.8,793.0
STARLINK-4017,52682,2022-08-04 14:48:00,53.7,543.2
STARLINK-4314,53056,2022-08-04 21:36:00,53.7,417.3
STARLINK-4252,53057,2022-08-04 21:36:00,53.6,419.8
STARLINK-4338,53055,2022-08-04 21:36:00,53.6,417.2
STARLINK-4328,53071,2022-08-04 09:43:00,53.6,416.4
STARLINK-4324,53085,2022-08-04 09:41:00,53.6,418.0
TBA - TO BE ASSIGNED,82381,2022-08-04 22:51:00,53.5,758.7
STARLINK-4254,52998,2022-08-04 12:52:00,53.5,352.7
TBA - TO BE ASSIGNED,81624,2022-08-04 23:46:00,53.5,661.4
TBA - TO BE ASSIGNED,82314,2022-08-04 08:10:00,53.5,557.3
STARLINK-4194,53000,2022-08-04 12:52:00,53.5,352.2
STARLINK-4294,53176,2022-08-04 03:08:00,53.4,355.1
STARLINK-4273,53181,2022-08-04 03:07:00,53.4,354.8
STARLINK-4017,52682,2022-08-04 01:02:00,53.4,544.5
TBA - TO BE ASSIGNED,82428,2022-08-04 05:20:00,53.4,941.0
STARLINK-4308,53061,2022-08-04 21:35:00,53.4,418.5
COSMOS 1408 DEB,52808,2022-08-04 10:24:00,53.4,610.0
STARLINK-4052,53171,2022-08-04 03:06:00,53.3,354.0
TBA - TO BE ASSIGNED,270194,2022-08-04 21:15:00,53.3,1126.4
TBA - TO BE ASSIGNED,270011,2022-08-04 02:31:00,53.3,1158.6
STARLINK-4337,53053,2022-08-04 21:37:00,53.2,421.0
TBA - TO BE ASSIGNED,270043,2022-08-04 04:35:00,53.2,1069.3
STARLINK-4321,53082,2022-08-04 09:42:00,53.2,418.5
TBA - TO BE ASSIGNED,270170,2022-08-04 18:44:00,53.2,781.0
STARLINK-4362,53043,2022-08-04 21:14:00,53.1,417.4
VEERY-FS1,52777,2022-08-04 17:18:00,53.1,522.9
STARLINK-4116,53164,2022-08-04 17:55:00,53.1,352.6
STARLINK-4214,52877,2022-08-04 07:39:00,53.1,352.3
TBA - TO BE ASSIGNED,87204,2022-08-04 01:09:00,53.1,823.1
TBA - TO BE ASSIGNED,81817,2022-08-04 07:46:00,53.1,830.6
STARLINK-3999,52704,2022-08-04 14:56:00,53.1,420.4
TBA - TO BE ASSIGNED,87079,2022-08-04 08:42:00,53.0,516.1
TBA - TO BE ASSIGNED,85386,2022-08-04 16:22:00,53.0,658.0
TBA - TO BE ASSIGNED,53341,2022-08-04 18:20:00,53.0,586.2
TBA - TO BE ASSIGNED,81902,2022-08-04 08:45:00,52.9,634.0
STARLINK-4283,53016,2022-08-04 12:49:00,52.9,352.6
STARLINK-3947,52607,2022-08-04 00:22:00,52.9,543.5
STARLINK-4345,53049,2022-08-04 21:37:00,52.9,416.0
TBA - TO BE ASSIGNED,81865,2022-08-04 23:13:00,52.8,947.7
TBA - TO BE ASSIGNED,270077,2022-08-04 05:58:00,52.8,1043.0
TBA - TO BE ASSIGNED,81342,2022-08-04 06:55:00,52.7,918.1
STARLINK-3922,52584,2022-08-04 23:02:00,52.6,544.3
STARLINK-4021,53149,2022-08-04 17:55:00,52.6,352.8
TBA - TO BE ASSIGNED,82284,2022-08-04 21:33:00,52.6,727.9
STARLINK-4343,53050,2022-08-04 21:37:00,52.5,417.8
TBA - TO BE ASSIGNED,84415,2022-08-04 01:28:00,52.5,1128.4
STARLINK-4343,53050,2022-08-04 21:38:00,52.5,420.7
STARLINK-4331,53046,2022-08-04 21:38:00,52.5,418.8
STARLINK-4350,53045,2022-08-04 21:38:00,52.4,417.5
TBA - TO BE ASSIGNED,85004,2022-08-04 21:35:00,52.4,773.9
TBA - TO BE ASSIGNED,87214,2022-08-04 01:15:00,52.4,1011.8
STARLINK-3990,52626,2022-08-04 08:33:00,52.3,543.7
STARLINK-4121,53002,2022-08-04 12:52:00,52.3,352.4
TBA - TO BE ASSIGNED,81552,2022-08-04 14:28:00,52.3,1069.3
TBA - TO BE ASSIGNED,82311,2022-08-04 03:31:00,52.3,986.4
STARLINK-4336,53051,2022-08-04 21:36:00,52.3,417.6
TBA - TO BE ASSIGNED,87433,2022-08-04 06:39:00,52.2,1159.8
STARLINK-4161,53028,2022-08-04 12:48:00,52.2,352.4
TBA - TO BE ASSIGNED,81537,2022-08-04 15:15:00,52.1,839.4
STARLINK-4205,53174,2022-08-04 17:54:00,52.1,352.6
STARLINK-4161,53028,2022-08-04 12:47:00,52.1,352.9
TBA - TO BE ASSIGNED,270269,2022-08-04 21:54:00,52.1,1117.2
TBA - TO BE ASSIGNED,87304,2022-08-04 08:35:00,52.1,670.2
STARLINK-3932,52576,2022-08-04 23:04:00,52.0,544.9
OP2 (TYVAK-0821),52735,2022-08-04 16:46:00,52.0,529.0
TBA - TO BE ASSIGNED,82500,2022-08-04 09:22:00,52.0,779.6
STARLINK-4055,53161,2022-08-04 17:55:00,52.0,352.4
STARLINK-4252,53057,2022-08-04 21:35:00,52.0,419.6
OBJECT A,53316,2022-08-04 04:27:00,52.0,496.7
STARLINK-4020,52703,2022-08-04 14:55:00,51.9,422.3
STARLINK-4339,53054,2022-08-04 21:37:00,51.9,417.5
STARLINK-4276,53179,2022-08-04 17:52:00,51.9,353.0
COSMOS 1408 DEB,52809,2022-08-04 23:00:00,51.8,589.3
STARLINK-4288,53005,2022-08-04 12:51:00,51.8,352.0
STARLINK-4349,53044,2022-08-04 21:38:00,51.8,416.0
STARLINK-4263,53010,2022-08-04 12:50:00,51.7,352.6
STARLINK-4217,52999,2022-08-04 12:51:00,51.7,352.4
STARLINK-3920,52575,2022-08-04 13:08:00,51.7,543.2
SHERPA-AC1,52763,2022-08-04 17:19:00,51.7,526.0
STARLINK-4296,52995,2022-08-04 12:52:00,51.6,352.5
TBA - TO BE ASSIGNED,270139,2022-08-04 09:31:00,51.6,701.4
TBA - TO BE ASSIGNED,82402,2022-08-04 04:36:00,51.6,616.5
STARLINK-4330,53080,2022-08-04 09:42:00,51.6,418.2
TBA - TO BE ASSIGNED,87656,2022-08-04 20:01:00,51.6,690.4
COSMOS 1408 DEB,52926,2022-08-04 21:59:00,51.5,407.1
STARLINK-4052,53171,2022-08-04 03:07:00,51.5,354.2
STARLINK-4278,53182,2022-08-04 17:52:00,51.5,352.9
STARLINK-4011,52615,2022-08-04 10:16:00,51.5,544.0
STARLINK-4298,53177,2022-08-04 17:53:00,51.5,352.7
TBA - TO BE ASSIGNED,270119,2022-08-04 07:43:00,51.4,779.3
TBA - TO BE ASSIGNED,85238,2022-08-04 19:35:00,51.4,969.6
STARLINK-4319,53084,2022-08-04 09:41:00,51.4,417.6
STARLINK-3683,53167,2022-08-04 17:53:00,51.4,352.8
STARLINK-3919,52580,2022-08-04 14:07:00,51.4,543.1
STARLINK-4348,53075,2022-08-04 09:43:00,51.3,418.5
STARLINK-3844,52705,2022-08-04 14:56:00,51.3,420.0
COSMOS 1408 DEB,52926,2022-08-04 22:00:00,51.2,405.8
STARLINK-4265,53011,2022-08-04 12:50:00,51.2,352.3
STARLINK-4105,53168,2022-08-04 17:54:00,51.2,353.1
STARLINK-3941,52638,2022-08-04 09:17:00,51.1,544.2
STARLINK-4087,53156,2022-08-04 17:56:00,51.1,352.5
TBA - TO BE ASSIGNED,89347,2022-08-04 05:29:00,51.1,599.7
TBA - TO BE ASSIGNED,270102,2022-08-04 09:11:00,51.1,497.6
STARLINK-4341,53052,2022-08-04 21:39:00,51.0,428.0
TBA - TO BE ASSIGNED,87014,2022-08-04 13:46:00,51.0,1138.6
STARLINK-4216,53022,2022-08-04 12:48:00,51.0,352.8
STARLINK-4088,53155,2022-08-04 17:56:00,50.9,352.7
STARLINK-4333,53088,2022-08-04 09:41:00,50.9,418.6
STARLINK-4326,53081,2022-08-04 09:42:00,50.9,418.5
TBA - TO BE ASSIGNED,270215,2022-08-04 05:58:00,50.9,929.1
STARLINK-4111,53159,2022-08-04 17:55:00,50.8,352.8
TBA - TO BE ASSIGNED,270020,2022-08-04 01:03:00,50.8,921.7
STARLINK-4081,52660,2022-08-04 00:59:00,50.7,543.9
COSMOS 1408 DEB,52932,2022-08-04 10:05:00,50.7,509.0
NUSAT-30 (MARGHERITA),52748,2022-08-04 16:48:00,50.6,493.9
STARLINK-4336,53051,2022-08-04 21:37:00,50.6,418.2
COSMOS 1408 DEB,52825,2022-08-04 23:14:00,50.6,572.7
TBA - TO BE ASSIGNED,270206,2022-08-04 18:45:00,50.6,715.3
STARLINK-4291,52988,2022-08-04 12:53:00,50.5,352.4
TBA - TO BE ASSIGNED,270243,2022-08-04 20:56:00,50.5,762.1
TBA - TO BE ASSIGNED,81438,2022-08-04 09:02:00,50.4,1052.2
TBA - TO BE ASSIGNED,82285,2022-08-04 19:43:00,50.3,1037.9
STARLINK-3987,52699,2022-08-04 14:31:00,50.3,493.0
TBA - TO BE ASSIGNED,81499,2022-08-04 17:16:00,50.3,773.2
STARLINK-4026,52600,2022-08-04 23:39:00,50.3,543.5
H-2A DEB,53121,2022-08-04 18:26:00,50.2,464.1
TBA - TO BE ASSIGNED,87416,2022-08-04 02:35:00,50.2,811.3
TBA - TO BE ASSIGNED,87737,2022-08-04 01:22:00,50.2,1040.8
SZ-14,52797,2022-08-04 16:33:00,50.1,383.6
TBA - TO BE ASSIGNED,87029,2022-08-04 12:49:00,50.1,854.8
RECURVE,52944,2022-08-04 01:52:00,50.1,499.1
TBA - TO BE ASSIGNED,87501,2022-08-04 07:04:00,50.0,749.0
TBA - TO BE ASSIGNED,82739,2022-08-04 11:32:00,50.0,1113.3
STARLINK-3936,52674,2022-08-04 01:43:00,50.0,544.4
CSS (WENTIAN),53239,2022-08-04 16:33:00,49.9,383.9
OBJECT F,52790,2022-08-04 03:07:00,49.8,602.1
TBA - TO BE ASSIGNED,82912,2022-08-04 01:25:00,49.7,1074.9
TBA - TO BE ASSIGNED,270231,2022-08-04 15:45:00,49.7,707.7
STARLINK-4054,53158,2022-08-04 17:56:00,49.7,352.6
TBA - TO BE ASSIGNED,87725,2022-08-04 21:34:00,49.7,782.6
TBA - TO BE ASSIGNED,81792,2022-08-04 03:05:00,49.5,720.0
STARLINK-4352,53047,2022-08-04 21:37:00,49.5,418.1
STARLINK-4117,53169,2022-08-04 17:53:00,49.5,352.8
STARLINK-4096,53160,2022-08-04 17:56:00,49.5,352.4
STARLINK-4038,53150,2022-08-04 17:57:00,49.5,352.5
H-2A DEB,53121,2022-08-04 18:25:00,49.4,459.9
TBA - TO BE ASSIGNED,270003,2022-08-04 07:23:00,49.4,888.4
PROGRESS MS-20,52795,2022-08-04 12:03:00,49.4,418.7
TBA - TO BE ASSIGNED,89029,2022-08-04 12:51:00,49.4,656.4
CRS-25,53113,2022-08-04 12:03:00,49.4,418.7
H-2A DEB,53126,2022-08-04 06:57:00,49.4,431.2
STARLINK-4110,53166,2022-08-04 17:55:00,49.4,352.5
STARLINK-4264,52993,2022-08-04 12:53:00,49.4,352.2
STARLINK-3981,52687,2022-08-04 00:18:00,49.3,543.8
TBA - TO BE ASSIGNED,89003,2022-08-04 03:05:00,49.3,779.4
TBA - TO BE ASSIGNED,87491,2022-08-04 15:24:00,49.3,690.6
STARLINK-4072,52694,2022-08-04 15:32:00,49.3,543.5
STARLINK-4086,52833,2022-08-04 17:30:00,49.3,473.4
FREGAT DEB,52964,2022-08-04 19:50:00,49.2,710.1
TBA - TO BE ASSIGNED,81301,2022-08-04 18:08:00,49.2,945.0
STARLINK-4355,53048,2022-08-04 21:38:00,49.2,417.0
FREGAT DEB,52954,2022-08-04 09:22:00,49.2,660.3
TBA - TO BE ASSIGNED,270278,2022-08-04 02:13:00,49.1,1105.2
STARLINK-4045,53152,2022-08-04 17:57:00,49.1,352.2
TBA - TO BE ASSIGNED,270105,2022-08-04 10:39:00,49.1,963.4
STARLINK-4275,53008,2022-08-04 12:50:00,49.0,352.8
STARLINK-4253,53004,2022-08-04 12:51:00,49.0,352.1
TBA - TO BE ASSIGNED,81037,2022-08-04 13:10:00,49.0,609.6
STARLINK-4295,52996,2022-08-04 12:52:00,48.9,352.2
STARLINK-3990,52626,2022-08-04 00:07:00,48.9,542.9
STARLINK-4117,53169,2022-08-04 17:54:00,48.8,352.7
NUSAT-30 (MARGHERITA),52748,2022-08-04 16:47:00,48.8,484.8
STARLINK-4301,52997,2022-08-04 12:52:00,48.8,352.5
TBA - TO BE ASSIGNED,82494,2022-08-04 20:52:00,48.8,735.5
TBA - TO BE ASSIGNED,82737,2022-08-04 19:34:00,48.7,1003.1
STARLINK-4275,53008,2022-08-04 12:51:00,48.7,352.1
TBA - TO BE ASSIGNED,82298,2022-08-04 04:43:00,48.6,821.5
STARLINK-4012,52602,2022-08-04 09:58:00,48.6,544.7
STARLINK-4355,53048,2022-08-04 21:37:00,48.5,416.4
STARLINK-4256,52994,2022-08-04 12:53:00,48.5,352.7
STARLINK-4094,53147,2022-08-04 17:57:00,48.5,353.0
STARLINK-4352,53047,2022-08-04 21:38:00,48.5,417.9
TBA - TO BE ASSIGNED,85370,2022-08-04 05:39:00,48.4,961.5
TBA - TO BE ASSIGNED,87898,2022-08-04 01:11:00,48.4,862.1
TBA - TO BE ASSIGNED,270210,2022-08-04 08:38:00,48.3,782.0
TBA - TO BE ASSIGNED,270234,2022-08-04 21:50:00,48.3,649.4
COSMOS 1408 DEB,53094,2022-08-04 11:08:00,48.3,544.2
STARLINK-4077,53154,2022-08-04 17:57:00,48.3,353.1
STARLINK-3972,52669,2022-08-04 15:24:00,48.2,543.1
TBA - TO BE ASSIGNED,87014,2022-08-04 02:23:00,48.2,1089.7
LEMUR 2 VANDENDRIES,52733,2022-08-04 16:45:00,48.2,528.8
TBA - TO BE ASSIGNED,82039,2022-08-04 12:30:00,48.2,735.1
ISS DEB,52952,2022-08-04 02:58:00,48.2,410.8
STARLINK-4329,53087,2022-08-04 09:41:00,48.2,418.4
TBA - TO BE ASSIGNED,81418,2022-08-04 08:11:00,48.2,1172.2
TBA - TO BE ASSIGNED,270111,2022-08-04 22:12:00,48.1,760.7
STARLINK-3994,52633,2022-08-04 22:58:00,48.1,544.1
STARLINK-3836,52577,2022-08-04 00:27:00,48.1,545.0
SHERPA-AC1,52763,2022-08-04 05:12:00,48.0,541.8
STARLINK-4104,53163,2022-08-04 17:54:00,48.0,352.8
STARLINK-4089,52831,2022-08-04 07:39:00,48.0,471.8
STARLINK-3975,52620,2022-08-04 23:56:00,48.0,544.0
TBA - TO BE ASSIGNED,81391,2022-08-04 01:43:00,48.0,810.8
STARLINK-4083,52832,2022-08-04 07:37:00,47.9,470.4
STARLINK-4089,52831,2022-08-04 07:40:00,47.9,471.1
TBA - TO BE ASSIGNED,87690,2022-08-04 13:02:00,47.8,936.9
STARLINK-4099,53146,2022-08-04 17:58:00,47.8,352.7
VEERY-FS1,52777,2022-08-04 05:11:00,47.8,541.3
H-2A DEB,53116,2022-08-04 06:20:00,47.8,509.6
TBA - TO BE ASSIGNED,270207,2022-08-04 11:56:00,47.7,804.8
TBA - TO BE ASSIGNED,270130,2022-08-04 00:43:00,47.7,822.0
TBA - TO BE ASSIGNED,270100,2022-08-04 18:59:00,47.7,738.7
FREGAT DEB,52958,2022-08-04 09:58:00,47.6,977.1
STARLINK-3994,52633,2022-08-04 22:57:00,47.6,544.3
TBA - TO BE ASSIGNED,87256,2022-08-04 01:55:00,47.6,879.8
STARLINK-4329,53087,2022-08-04 09:40:00,47.6,417.9
STARLINK-3975,52620,2022-08-04 23:57:00,47.6,544.0
TBA - TO BE ASSIGNED,81478,2022-08-04 00:28:00,47.6,895.8
STARLINK-4083,52832,2022-08-04 17:33:00,47.5,474.9
TBA - TO BE ASSIGNED,81311,2022-08-04 08:27:00,47.5,780.2
STARLINK-4070,52664,2022-08-04 16:13:00,47.5,542.4
TBA - TO BE ASSIGNED,270159,2022-08-04 18:30:00,47.5,1100.3
COSMOS 1408 DEB,52805,2022-08-04 13:48:00,47.4,499.6
OBJECT A,52785,2022-08-04 17:52:00,47.4,620.1
STARLINK-4100,53144,2022-08-04 17:58:00,47.4,352.1
FOSSASAT2E13,52776,2022-08-04 05:11:00,47.3,541.0
TBA - TO BE ASSIGNED,82363,2022-08-04 01:32:00,47.3,1134.8
TBA - TO BE ASSIGNED,270278,2022-08-04 20:40:00,47.3,775.0
AMS,52745,2022-08-04 16:43:00,47.3,529.6
STARLINK-3886,52582,2022-08-04 23:08:00,47.2,545.1
STARLINK-4098,53153,2022-08-04 17:56:00,47.2,352.7
STARLINK-3980,52611,2022-08-04 00:16:00,47.2,543.6
STARLINK-3986,52623,2022-08-04 23:47:00,47.2,543.2
OBJECT TQ,53305,2022-08-04 11:59:00,47.1,417.1
STARLINK-4028,52677,2022-08-04 01:08:00,47.1,545.0
TBA - TO BE ASSIGNED,89029,2022-08-04 23:39:00,47.1,618.8
STARLINK-4093,53157,2022-08-04 17:56:00,47.0,352.4
TBA - TO BE ASSIGNED,81488,2022-08-04 10:02:00,46.9,1025.2
TBA - TO BE ASSIGNED,87991,2022-08-04 20:15:00,46.9,987.2
STARLINK-4104,53163,2022-08-04 17:55:00,46.9,352.6
STARLINK-4103,53141,2022-08-04 17:58:00,46.8,352.4
TBA - TO BE ASSIGNED,87553,2022-08-04 09:21:00,46.8,1153.9
STARLINK-4106,53145,2022-08-04 17:57:00,46.7,352.7
STARLINK-4093,53157,2022-08-04 17:55:00,46.7,352.5
TBA - TO BE ASSIGNED,82314,2022-08-04 20:14:00,46.7,573.4
TBA - TO BE ASSIGNED,270180,2022-08-04 22:19:00,46.7,690.5
TBA - TO BE ASSIGNED,81342,2022-08-04 20:00:00,46.6,773.1
TBA - TO BE ASSIGNED,89389,2022-08-04 05:41:00,46.6,702.9
TBA - TO BE ASSIGNED,87293,2022-08-04 13:40:00,46.6,1198.2
H-2A DEB,53340,2022-08-04 17:49:00,46.6,511.2
FREGAT DEB,52953,2022-08-04 19:26:00,46.4,703.8
CZ-2D R/B,52910,2022-08-04 06:19:00,46.4,497.0
TBA - TO BE ASSIGNED,81247,2022-08-04 05:47:00,46.4,711.7
STARLINK-4114,53162,2022-08-04 17:55:00,46.3,353.3
TBA - TO BE ASSIGNED,81509,2022-08-04 21:38:00,46.3,637.5
PLANETUM1,52738,2022-08-04 16:44:00,46.2,529.4
STARLINK-4101,53142,2022-08-04 17:58:00,46.2,352.8
TBA - TO BE ASSIGNED,81264,2022-08-04 10:00:00,46.2,685.9
TBA - TO BE ASSIGNED,270039,2022-08-04 04:52:00,46.1,914.6
OBJECT E,53320,2022-08-04 11:04:00,46.1,500.8
TBA - TO BE ASSIGNED,82820,2022-08-04 21:27:00,46.1,814.0
TBA - TO BE ASSIGNED,82912,2022-08-04 12:57:00,46.0,785.5
STARLINK-3995,52632,2022-08-04 09:21:00,46.0,549.3
STARLINK-4078,52689,2022-08-04 23:54:00,45.9,547.3
TBA - TO BE ASSIGNED,87725,2022-08-04 10:58:00,45.9,745.3
TBA - TO BE ASSIGNED,82168,2022-08-04 09:58:00,45.9,622.6
TBA - TO BE ASSIGNED,270202,2022-08-04 06:57:00,45.9,910.6
STARLINK-4145,53137,2022-08-04 17:59:00,45.8,352.0
TBA - TO BE ASSIGNED,82893,2022-08-04 15:46:00,45.8,867.1
OBJECT V,52751,2022-08-04 05:51:00,45.8,540.9
OBJECT TR,53306,2022-08-04 11:57:00,45.7,416.3
STARLINK-4078,52689,2022-08-04 23:53:00,45.6,543.9
STARLINK-4073,52672,2022-08-04 01:49:00,45.6,545.2
H-2A DEB,53343,2022-08-04 17:45:00,45.5,576.2
STARLINK-4013,52604,2022-08-04 23:33:00,45.4,543.5
STARLINK-4014,52684,2022-08-04 14:43:00,45.4,543.2
TBA - TO BE ASSIGNED,81947,2022-08-04 16:12:00,45.4,1010.8
TBA - TO BE ASSIGNED,89146,2022-08-04 05:29:00,45.4,797.0
CZ-2D DEB,52911,2022-08-04 06:18:00,45.3,498.6
TBA - TO BE ASSIGNED,85010,2022-08-04 14:42:00,45.3,994.1
OBJECT TZ,53321,2022-08-04 11:57:00,45.3,416.3
STARLINK-4102,53143,2022-08-04 17:58:00,45.2,352.2
STARLINK-4042,52661,2022-08-04 00:54:00,45.2,543.6
STARLINK-4150,53134,2022-08-04 17:59:00,45.1,352.6
STARLINK-4260,52986,2022-08-04 12:53:00,45.1,352.4
TBA - TO BE ASSIGNED,85246,2022-08-04 15:35:00,45.0,837.4
TBA - TO BE ASSIGNED,81817,2022-08-04 20:15:00,44.9,695.1
TBA - TO BE ASSIGNED,270278,2022-08-04 05:52:00,44.9,1169.7
STARLINK-3988,52625,2022-08-04 22:52:00,44.9,549.2
STARLINK-4063,53132,2022-08-04 17:59:00,44.9,352.5
TBA - TO BE ASSIGNED,270278,2022-08-04 00:23:00,44.8,1004.0
STARLINK-4260,52986,2022-08-04 12:54:00,44.8,352.1
TBA - TO BE ASSIGNED,81661,2022-08-04 03:31:00,44.8,696.1
PVSAT,52894,2022-08-04 19:52:00,44.8,706.5
TBA - TO BE ASSIGNED,270089,2022-08-04 04:36:00,44.8,797.4
STARLINK-4040,53151,2022-08-04 17:57:00,44.7,352.5
TBA - TO BE ASSIGNED,81391,2022-08-04 14:08:00,44.7,820.5
STARLINK-3984,52621,2022-08-04 08:28:00,44.6,543.7
MINOTAUR 4 DEB,52978,2022-08-04 15:21:00,44.5,557.3
TBA - TO BE ASSIGNED,270048,2022-08-04 18:15:00,44.5,914.1
OBJECT TS,53307,2022-08-04 11:57:00,44.5,416.9
CPOD FLT1 (TYVAK-0032),52772,2022-08-04 05:52:00,44.5,539.4
TBA - TO BE ASSIGNED,81696,2022-08-04 15:32:00,44.4,739.3
STARLINK-4066,53148,2022-08-04 17:57:00,44.4,352.7
TBA - TO BE ASSIGNED,81478,2022-08-04 12:58:00,44.4,896.8
STARLINK-4086,52833,2022-08-04 07:35:00,44.4,469.4
OBJECT TU,53309,2022-08-04 11:56:00,44.4,415.7
OBJECT D,53319,2022-08-04 11:05:00,44.4,501.7
OBJECT TV,53310,2022-08-04 11:56:00,44.3,416.0
TBA - TO BE ASSIGNED,53364,2022-08-04 16:10:00,44.3,530.2
COSMOS 1408 DEB,52924,2022-08-04 22:15:00,44.3,547.1
STARLINK-3959,52564,2022-08-04 14:57:00,44.2,542.0
TBA - TO BE ASSIGNED,81599,2022-08-04 10:35:00,44.2,1138.3
TBA - TO BE ASSIGNED,87681,2022-08-04 13:15:00,44.2,1045.1
STARLINK-3959,52564,2022-08-04 14:56:00,44.2,542.2
OBJECT B,53317,2022-08-04 11:07:00,44.1,502.3
OBJECT C,53318,2022-08-04 11:06:00,44.1,501.9
STARLINK-3911,52565,2022-08-04 22:13:00,44.0,543.9
H-2A DEB,53332,2022-08-04 06:54:00,44.0,579.6
TBA - TO BE ASSIGNED,81798,2022-08-04 00:56:00,44.0,729.9
ICEYE-X19,52758,2022-08-04 05:10:00,44.0,539.9
TBA - TO BE ASSIGNED,82642,2022-08-04 15:16:00,44.0,939.4
STARLINK-3967,52636,2022-08-04 09:23:00,44.0,544.4
TBA - TO BE ASSIGNED,81732,2022-08-04 10:17:00,43.9,494.5
TBA - TO BE ASSIGNED,87211,2022-08-04 16:01:00,43.9,742.0
TBA - TO BE ASSIGNED,85061,2022-08-04 00:46:00,43.9,1150.4
STARLINK-3980,52611,2022-08-04 10:22:00,43.8,545.0
GHGSAT-C5,52744,2022-08-04 16:42:00,43.8,528.7
H-2A DEB,53114,2022-08-04 06:21:00,43.8,479.7
TBA - TO BE ASSIGNED,81794,2022-08-04 15:43:00,43.8,616.6
COSMOS 1408 DEB,52822,2022-08-04 10:23:00,43.7,618.7
STARLINK-3893,52579,2022-08-04 14:01:00,43.7,543.6
TBA - TO BE ASSIGNED,87405,2022-08-04 03:45:00,43.7,934.6
STARLINK-4185,53139,2022-08-04 17:58:00,43.6,352.7
STARLINK-4089,52831,2022-08-04 17:35:00,43.6,475.3
TBA - TO BE ASSIGNED,85292,2022-08-04 02:16:00,43.6,725.5
STARLINK-4307,53063,2022-08-04 09:36:00,43.6,418.2
TBA - TO BE ASSIGNED,270172,2022-08-04 09:28:00,43.6,782.2
STARLINK-3982,52614,2022-08-04 22:52:00,43.6,544.0
TBA - TO BE ASSIGNED,270096,2022-08-04 09:44:00,43.6,796.5
PLATFORM-1,52770,2022-08-04 16:43:00,43.5,524.8
ICEYE-X20,52759,2022-08-04 05:08:00,43.5,539.4
STARLINK-3833,52578,2022-08-04 00:32:00,43.5,545.2
STARLINK-3886,52582,2022-08-04 13:02:00,43.5,543.6
STARLINK-3891,52650,2022-08-04 08:02:00,43.5,355.1
STARLINK-3993,52692,2022-08-04 15:38:00,43.5,542.3
STARLINK-4186,52880,2022-08-04 17:19:00,43.5,356.3
TBA - TO BE ASSIGNED,87672,2022-08-04 13:36:00,43.5,881.1
TBA - TO BE ASSIGNED,270066,2022-08-04 04:31:00,43.4,688.4
TBA - TO BE ASSIGNED,270087,2022-08-04 13:04:00,43.4,779.8
TBA - TO BE ASSIGNED,82458,2022-08-04 13:50:00,43.4,830.5
STARLINK-4192,52881,2022-08-04 17:19:00,43.4,356.3
TBA - TO BE ASSIGNED,270036,2022-08-04 14:50:00,43.4,947.0
TBA - TO BE ASSIGNED,87587,2022-08-04 10:13:00,43.3,781.5
STARLINK-4170,53140,2022-08-04 17:59:00,43.3,352.6
TBA - TO BE ASSIGNED,270179,2022-08-04 21:35:00,43.0,780.8
TBA - TO BE ASSIGNED,85220,2022-08-04 10:20:00,43.0,864.3
STARLINK-4009,52624,2022-08-04 00:12:00,43.0,542.9
STARLINK-4152,53136,2022-08-04 17:59:00,43.0,352.5
TBA - TO BE ASSIGNED,87557,2022-08-04 02:17:00,42.9,1154.1
OBJECT TY,53313,2022-08-04 11:55:00,42.9,415.5
STARLINK-4154,53133,2022-08-04 18:00:00,42.9,352.5
TBA - TO BE ASSIGNED,87541,2022-08-04 02:53:00,42.9,1099.7
STARLINK-3993,52692,2022-08-04 00:13:00,42.9,544.1
STARLINK-4002,52612,2022-08-04 00:51:00,42.8,545.1
OMNI-L2,52771,2022-08-04 05:54:00,42.8,539.3
TBA - TO BE ASSIGNED,87730,2022-08-04 00:19:00,42.8,1010.8
STARLINK-4139,52879,2022-08-04 17:19:00,42.8,356.0
STARLINK-4027,52601,2022-08-04 10:04:00,42.8,544.7
STARLINK-4170,53140,2022-08-04 17:58:00,42.7,352.6
STARLINK-4071,52671,2022-08-04 15:18:00,42.7,543.6
OBJECT TT,53308,2022-08-04 11:56:00,42.5,416.3
STARLINK-4042,52661,2022-08-04 16:19:00,42.5,542.7
TBA - TO BE ASSIGNED,87256,2022-08-04 13:15:00,42.4,898.4
TBA - TO BE ASSIGNED,89005,2022-08-04 02:33:00,42.4,902.7
TBA - TO BE ASSIGNED,85210,2022-08-04 04:02:00,42.4,919.0
ZK-1A R/B,53304,2022-08-04 03:13:00,42.3,506.2
STARLINK-4214,52877,2022-08-04 17:19:00,42.3,355.6
TBA - TO BE ASSIGNED,85023,2022-08-04 19:57:00,42.3,803.2
OBJECT C,52946,2022-08-04 00:43:00,42.3,470.5
OBJECT TW,53311,2022-08-04 11:55:00,42.2,416.3
STARLINK-4286,52990,2022-08-04 13:06:00,42.2,419.6
TBA - TO BE ASSIGNED,85004,2022-08-04 09:16:00,42.2,805.9
STARLINK-4269,52992,2022-08-04 13:05:00,42.2,420.3
STARLINK-3741,52619,2022-08-04 00:14:00,42.1,542.5
TBA - TO BE ASSIGNED,82284,2022-08-04 10:24:00,42.1,857.7
TBA - TO BE ASSIGNED,81579,2022-08-04 08:41:00,42.1,1032.9
OBJECT G,52791,2022-08-04 02:57:00,42.1,601.2
TBA - TO BE ASSIGNED,87214,2022-08-04 14:04:00,42.1,915.2
STARLINK-4207,52871,2022-08-04 17:20:00,42.1,356.4
TBA - TO BE ASSIGNED,89206,2022-08-04 10:29:00,42.0,818.5
TBA - TO BE ASSIGNED,81497,2022-08-04 06:25:00,42.0,1010.7
TBA - TO BE ASSIGNED,81228,2022-08-04 13:48:00,41.9,885.1
STARLINK-4200,52876,2022-08-04 17:20:00,41.9,356.6
TBA - TO BE ASSIGNED,82285,2022-08-04 09:40:00,41.8,840.1
OBJECT A,53316,2022-08-04 11:08:00,41.8,503.3
OBJECT TX,53312,2022-08-04 11:55:00,41.8,415.2
OBJECT B,52786,2022-08-04 17:45:00,41.8,620.4
STARLINK-4293,52989,2022-08-04 13:06:00,41.7,420.1
H-2A DEB,53337,2022-08-04 17:44:00,41.7,555.8
TBA - TO BE ASSIGNED,87320,2022-08-04 02:35:00,41.7,1006.7
TBA - TO BE ASSIGNED,270089,2022-08-04 17:02:00,41.7,845.2
TBA - TO BE ASSIGNED,270090,2022-08-04 16:26:00,41.6,749.5
STARLINK-4210,52874,2022-08-04 17:20:00,41.6,356.3
TBA - TO BE ASSIGNED,89391,2022-08-04 18:36:00,41.6,746.0
STARLINK-3774,52680,2022-08-04 01:13:00,41.5,544.8
TBA - TO BE ASSIGNED,87884,2022-08-04 19:23:00,41.5,910.8
TBA - TO BE ASSIGNED,81732,2022-08-04 22:45:00,41.5,757.5
STARLINK-4181,52882,2022-08-04 17:19:00,41.5,355.7
TBA - TO BE ASSIGNED,81844,2022-08-04 07:32:00,41.4,879.3
UMBRA-03,52753,2022-08-04 17:27:00,41.4,538.4
TBA - TO BE ASSIGNED,82484,2022-08-04 01:12:00,41.4,1066.0
STARLINK-4023,53135,2022-08-04 17:59:00,41.3,352.7
H-2A DEB,53334,2022-08-04 18:28:00,41.3,549.4
STARLINK-4031,52679,2022-08-04 14:37:00,41.3,543.3
OBJECT A,53316,2022-08-04 09:29:00,41.2,501.9
STARLINK-3986,52623,2022-08-04 08:22:00,41.1,543.6
STARLINK-4023,53135,2022-08-04 18:00:00,41.1,352.1
TBA - TO BE ASSIGNED,82729,2022-08-04 14:14:00,41.1,1019.4
STARLINK-3955,52561,2022-08-04 15:02:00,41.0,542.3
FLT (TYVAK-0212),52742,2022-08-04 05:55:00,41.0,538.5
STARLINK-4171,52878,2022-08-04 17:19:00,41.0,356.1
STARLINK-4011,52615,2022-08-04 00:11:00,41.0,543.7
STARLINK-3984,52621,2022-08-04 23:53:00,41.0,542.3
TBA - TO BE ASSIGNED,270233,2022-08-04 07:56:00,41.0,755.4
OBJECT B,53317,2022-08-04 09:27:00,40.9,500.6
STARLINK-3997,52609,2022-08-04 00:55:00,40.9,542.2
STARLINK-4211,52873,2022-08-04 17:20:00,40.9,356.7
STARLINK-4041,52695,2022-08-04 01:32:00,40.9,544.8
TBA - TO BE ASSIGNED,82073,2022-08-04 21:43:00,40.9,634.3
STARLINK-4274,52865,2022-08-04 17:21:00,40.8,356.2
OBJECT C,53318,2022-08-04 09:26:00,40.8,499.8
STARLINK-3945,52691,2022-08-04 23:49:00,40.8,548.9
TBA - TO BE ASSIGNED,82893,2022-08-04 04:27:00,40.8,888.1
STARLINK-3920,52575,2022-08-04 23:13:00,40.7,544.8
STARLINK-4146,53294,2022-08-04 05:39:00,40.7,356.7
STARLINK-3917,52588,2022-08-04 14:03:00,40.7,542.1
TBA - TO BE ASSIGNED,81228,2022-08-04 03:05:00,40.7,763.4
FOSSASAT2E12,52773,2022-08-04 16:40:00,40.6,522.7
TBA - TO BE ASSIGNED,81219,2022-08-04 09:55:00,40.6,957.9
TBA - TO BE ASSIGNED,270175,2022-08-04 13:05:00,40.6,1192.0
TBA - TO BE ASSIGNED,82272,2022-08-04 22:51:00,40.5,979.4
STARLINK-3977,52640,2022-08-04 22:24:00,40.5,434.7
TBA - TO BE ASSIGNED,270163,2022-08-04 14:31:00,40.5,720.5
TBA - TO BE ASSIGNED,85217,2022-08-04 21:54:00,40.4,980.7
TBA - TO BE ASSIGNED,270109,2022-08-04 06:37:00,40.4,712.4
OBJECT TY,53313,2022-08-04 03:43:00,40.4,416.2
STARLINK-4181,52882,2022-08-04 17:18:00,40.4,355.4
STARLINK-4261,52868,2022-08-04 17:21:00,40.4,356.1
STARLINK-4195,52870,2022-08-04 17:21:00,40.4,356.4
STARLINK-4148,53293,2022-08-04 05:39:00,40.4,357.3
TBA - TO BE ASSIGNED,89161,2022-08-04 00:02:00,40.3,585.4
TBA - TO BE ASSIGNED,82560,2022-08-04 22:00:00,40.3,949.5
TBA - TO BE ASSIGNED,270172,2022-08-04 20:05:00,40.3,766.9
STARLINK-4213,52872,2022-08-04 17:20:00,40.3,355.8
STARLINK-4285,52991,2022-08-04 13:06:00,40.3,419.2
RANDEV,52898,2022-08-04 08:27:00,40.3,699.4
STARLINK-4091,52830,2022-08-04 07:32:00,40.3,469.2
TBA - TO BE ASSIGNED,81947,2022-08-04 01:41:00,40.3,469.9
TBA - TO BE ASSIGNED,81069,2022-08-04 09:56:00,40.2,1034.1
STARLINK-4070,52664,2022-08-04 00:48:00,40.2,543.5
STARLINK-3932,52576,2022-08-04 12:58:00,40.2,543.6
OBJECT A,53316,2022-08-04 09:28:00,40.2,500.1
STARLINK-4091,52830,2022-08-04 07:33:00,40.2,468.6
STARLINK-4259,52987,2022-08-04 13:06:00,40.2,419.7
TBA - TO BE ASSIGNED,81599,2022-08-04 08:43:00,40.1,1178.6
KSLV-II DUMMY,52895,2022-08-04 08:27:00,40.0,699.8
TBA - TO BE ASSIGNED,87553,2022-08-04 23:05:00,40.0,610.6
SUPERVIEW NEO-2 O1,53128,2022-08-04 10:22:00,40.0,507.0
ION SCV-006,52761,2022-08-04 17:28:00,39.9,526.4
STARLINK-3945,52691,2022-08-04 23:47:00,39.9,543.3
TBA - TO BE ASSIGNED,87228,2022-08-04 17:36:00,39.9,778.7
OBJECT E,53320,2022-08-04 09:24:00,39.9,498.3
STEP CUBE LAB-II,52897,2022-08-04 08:27:00,39.9,698.5
STARLINK-3922,52584,2022-08-04 12:57:00,39.9,543.2
STARLINK-4193,52875,2022-08-04 17:20:00,39.9,356.7
GLOBALSTAR FM15,52888,2022-08-04 09:11:00,39.8,1117.5
SNUGLITE-II,52899,2022-08-04 08:27:00,39.7,698.7
H-2A DEB,53124,2022-08-04 06:12:00,39.7,546.0
TBA - TO BE ASSIGNED,82517,2022-08-04 11:10:00,39.7,732.7
TBA - TO BE ASSIGNED,82854,2022-08-04 16:18:00,39.7,1003.6
STARLINK-3947,52607,2022-08-04 10:27:00,39.7,544.5
OBJECT D,53319,2022-08-04 09:26:00,39.6,500.0
STARLINK-4076,52667,2022-08-04 01:54:00,39.6,544.9
TBA - TO BE ASSIGNED,87650,2022-08-04 15:14:00,39.6,756.2
STARLINK-4112,52861,2022-08-04 17:21:00,39.6,355.9
STARLINK-3794,52631,2022-08-04 09:28:00,39.6,544.5
CZ-2D R/B,52910,2022-08-04 04:39:00,39.4,496.3
TBA - TO BE ASSIGNED,82199,2022-08-04 11:11:00,39.4,971.5
TBA - TO BE ASSIGNED,82517,2022-08-04 00:10:00,39.4,752.7
TBA - TO BE ASSIGNED,270257,2022-08-04 17:28:00,39.4,977.6
STARLINK-3978,52635,2022-08-04 22:24:00,39.4,434.4
STARLINK-4173,53285,2022-08-04 05:40:00,39.4,356.6
TBA - TO BE ASSIGNED,85217,2022-08-04 09:04:00,39.4,690.2
STARLINK-4196,52859,2022-08-04 17:22:00,39.4,356.1
STARLINK-4010,52862,2022-08-04 17:22:00,39.4,356.4
STARLINK-4108,52834,2022-08-04 07:30:00,39.3,468.2
OBJECT TV,53310,2022-08-04 03:44:00,39.3,416.3
STARLINK-3981,52687,2022-08-04 15:43:00,39.3,542.1
NUSAT-28 (ALICE LEE),52747,2022-08-04 05:05:00,39.3,526.6
STARLINK-3928,52606,2022-08-04 23:28:00,39.2,543.4
STARLINK-4072,52694,2022-08-04 00:07:00,39.2,543.5
TBA - TO BE ASSIGNED,270049,2022-08-04 06:29:00,39.2,686.1
TBA - TO BE ASSIGNED,82739,2022-08-04 23:06:00,39.2,914.5
STARLINK-4149,53290,2022-08-04 05:40:00,39.2,355.1
TBA - TO BE ASSIGNED,270043,2022-08-04 16:07:00,39.2,763.8
STARLINK-4126,52867,2022-08-04 17:21:00,39.2,356.7
STARLINK-3961,52637,2022-08-04 22:23:00,39.2,433.8
TBA - TO BE ASSIGNED,87557,2022-08-04 00:30:00,39.1,1152.6
STARLINK-4193,52875,2022-08-04 17:19:00,39.1,355.9
STARLINK-4166,53291,2022-08-04 05:39:00,39.1,354.6
STARLINK-3996,52617,2022-08-04 00:15:00,39.1,547.8
OBJECT E,52789,2022-08-04 19:03:00,39.0,618.4
STARLINK-3957,52562,2022-08-04 22:07:00,39.0,543.2
CZ-2D DEB,52911,2022-08-04 04:38:00,39.0,497.5
STARLINK-3987,52699,2022-08-04 00:55:00,38.9,490.5
TBA - TO BE ASSIGNED,270066,2022-08-04 01:01:00,38.8,690.4
STARLINK-4267,52864,2022-08-04 17:22:00,38.8,356.7
TBA - TO BE ASSIGNED,53333,2022-08-04 07:04:00,38.8,533.6
TBA - TO BE ASSIGNED,82597,2022-08-04 13:34:00,38.8,729.6
TBA - TO BE ASSIGNED,87214,2022-08-04 23:55:00,38.8,1002.9
STARLINK-4199,52857,2022-08-04 17:22:00,38.7,355.9
STARLINK-4107,53287,2022-08-04 05:40:00,38.7,356.7
STARLINK-4162,53288,2022-08-04 05:40:00,38.7,356.7
TBA - TO BE ASSIGNED,82051,2022-08-04 03:03:00,38.6,805.3
STARLINK-4266,52869,2022-08-04 17:20:00,38.6,356.5
TBA - TO BE ASSIGNED,81579,2022-08-04 21:21:00,38.6,885.1
OBJECT TS,53307,2022-08-04 03:45:00,38.5,415.8
OBJECT E,53303,2022-08-04 03:17:00,38.5,510.8
OBJECT TZ,53321,2022-08-04 03:45:00,38.5,416.0
OBJECT TU,53309,2022-08-04 03:44:00,38.5,416.3
TBA - TO BE ASSIGNED,81402,2022-08-04 10:37:00,38.4,792.5
TBA - TO BE ASSIGNED,270210,2022-08-04 19:17:00,38.3,781.9
STARLINK-4266,52869,2022-08-04 17:21:00,38.3,357.5
STARLINK-4189,52853,2022-08-04 17:23:00,38.3,356.4
TBA - TO BE ASSIGNED,81674,2022-08-04 20:32:00,38.2,894.4
OBJECT TX,53312,2022-08-04 03:44:00,38.2,415.7
TBA - TO BE ASSIGNED,82402,2022-08-04 16:56:00,38.1,620.7
TBA - TO BE ASSIGNED,89327,2022-08-04 12:20:00,38.1,937.3
OBJECT TR,53306,2022-08-04 03:45:00,38.1,416.3
TBA - TO BE ASSIGNED,270069,2022-08-04 18:50:00,38.1,961.9
STARLINK-4272,52866,2022-08-04 17:21:00,38.1,355.9
TBA - TO BE ASSIGNED,87042,2022-08-04 01:31:00,38.0,910.9
TBA - TO BE ASSIGNED,81683,2022-08-04 03:49:00,38.0,729.0
STARLINK-4164,53282,2022-08-04 05:41:00,38.0,353.8
STARLINK-4172,53284,2022-08-04 05:41:00,38.0,356.9
STARLINK-4176,53289,2022-08-04 05:39:00,38.0,354.6
TBA - TO BE ASSIGNED,89347,2022-08-04 17:27:00,38.0,659.6
TBA - TO BE ASSIGNED,82798,2022-08-04 12:07:00,37.9,850.9
LEMUR 2 KAREN_B,52736,2022-08-04 16:37:00,37.9,528.8
TBA - TO BE ASSIGNED,53341,2022-08-04 05:58:00,37.9,655.7
TBA - TO BE ASSIGNED,89381,2022-08-04 20:43:00,37.9,587.8
OBJECT TW,53311,2022-08-04 03:44:00,37.9,415.5
H-2A DEB,53327,2022-08-04 07:07:00,37.9,663.8
TBA - TO BE ASSIGNED,87884,2022-08-04 08:03:00,37.9,950.7
STARLINK-4204,52854,2022-08-04 17:23:00,37.9,356.0
TBA - TO BE ASSIGNED,87672,2022-08-04 02:51:00,37.9,805.3
OP1 (TYVAK-0820),52741,2022-08-04 16:36:00,37.9,527.7
STARLINK-4201,52856,2022-08-04 17:23:00,37.8,355.9
TBA - TO BE ASSIGNED,87845,2022-08-04 11:11:00,37.8,954.1
STARLINK-3971,52642,2022-08-04 22:22:00,37.8,433.0
STARLINK-4081,52660,2022-08-04 16:24:00,37.8,542.5
TBA - TO BE ASSIGNED,82560,2022-08-04 12:12:00,37.8,954.1
PVSAT,52894,2022-08-04 07:18:00,37.7,703.8
TBA - TO BE ASSIGNED,270163,2022-08-04 01:54:00,37.7,732.0
STARLINK-3938,52566,2022-08-04 00:38:00,37.7,546.0
STARLINK-4178,53277,2022-08-04 05:41:00,37.7,354.5
OBJECT D,53302,2022-08-04 03:18:00,37.6,510.8
STARLINK-3974,52634,2022-08-04 09:30:00,37.6,544.9
OBJECT C,52787,2022-08-04 17:39:00,37.6,620.7
TBA - TO BE ASSIGNED,270187,2022-08-04 04:55:00,37.6,782.6
STARLINK-4006,52676,2022-08-04 15:13:00,37.6,543.3
STARLINK-4165,53286,2022-08-04 05:40:00,37.5,356.3
OBJECT TT,53308,2022-08-04 03:45:00,37.5,415.8
STARLINK-4080,52835,2022-08-04 07:28:00,37.5,467.2
OBJECT M,52743,2022-08-04 16:35:00,37.5,529.2
H-2A DEB,53336,2022-08-04 17:31:00,37.5,592.8
STARLINK-3921,52613,2022-08-04 22:46:00,37.5,544.8
ISS DEB,52952,2022-08-04 12:45:00,37.4,410.2
STARLINK-4033,52702,2022-08-04 01:38:00,37.4,544.6
OBJECT A,52716,2022-08-04 15:13:00,37.4,877.4
TBA - TO BE ASSIGNED,82597,2022-08-04 04:38:00,37.4,824.2
STARLINK-4159,53292,2022-08-04 05:40:00,37.4,356.6
STARLINK-4270,52863,2022-08-04 17:22:00,37.4,356.7
STARLINK-4182,53281,2022-08-04 05:41:00,37.3,357.7
STARLINK-3809,52851,2022-08-04 17:23:00,37.3,355.8
TBA - TO BE ASSIGNED,82642,2022-08-04 02:39:00,37.3,800.6
TBA - TO BE ASSIGNED,89067,2022-08-04 08:32:00,37.2,727.8
STARLINK-4198,52858,2022-08-04 17:23:00,37.2,356.3
TBA - TO BE ASSIGNED,87541,2022-08-04 01:07:00,37.2,1102.0
TBA - TO BE ASSIGNED,82484,2022-08-04 02:56:00,37.2,1060.3
STARLINK-4191,52860,2022-08-04 17:22:00,37.1,356.4
STARLINK-4270,52863,2022-08-04 17:21:00,37.1,355.7
KSLV-II R/B,52896,2022-08-04 08:34:00,37.1,702.3
TBA - TO BE ASSIGNED,270068,2022-08-04 15:32:00,37.1,810.8
TBA - TO BE ASSIGNED,81409,2022-08-04 16:39:00,37.0,758.1
TBA - TO BE ASSIGNED,270078,2022-08-04 21:50:00,37.0,792.3
STARLINK-4169,53280,2022-08-04 05:41:00,37.0,357.5
TBA - TO BE ASSIGNED,81564,2022-08-04 17:20:00,37.0,838.1
STARLINK-4174,53276,2022-08-04 05:42:00,36.9,355.2
STARLINK-3975,52620,2022-08-04 00:05:00,36.9,544.3
STARLINK-3934,52675,2022-08-04 01:19:00,36.9,545.4
TBA - TO BE ASSIGNED,81947,2022-08-04 14:29:00,36.9,1045.1
TBA - TO BE ASSIGNED,270218,2022-08-04 05:17:00,36.9,909.2
STARLINK-3924,52570,2022-08-04 23:19:00,36.9,544.7
STARLINK-3901,52574,2022-08-04 14:07:00,36.8,547.1
STARLINK-4209,52855,2022-08-04 17:22:00,36.8,355.6
STARLINK-4069,53271,2022-08-04 05:42:00,36.8,355.0
STARLINK-3968,52639,2022-08-04 22:21:00,36.7,430.9
OBJECT TQ,53305,2022-08-04 03:47:00,36.7,416.2
STARLINK-4024,52599,2022-08-04 10:11:00,36.7,544.8
STARLINK-4209,52855,2022-08-04 17:23:00,36.6,357.0
TBA - TO BE ASSIGNED,87423,2022-08-04 14:23:00,36.6,541.5
OBJECT C,52718,2022-08-04 15:15:00,36.6,878.6
ICEYE-X17,52762,2022-08-04 05:02:00,36.6,539.6
STARLINK-3846,52647,2022-08-04 08:54:00,36.6,422.0
STARLINK-4175,53283,2022-08-04 05:41:00,36.5,354.6
STARLINK-4025,52696,2022-08-04 23:42:00,36.5,543.7
TBA - TO BE ASSIGNED,85220,2022-08-04 23:02:00,36.5,732.1
GHGSAT-C4,52746,2022-08-04 05:58:00,36.5,540.4
PTD-3 (TYVAK-0125),52734,2022-08-04 05:59:00,36.5,537.9
TBA - TO BE ASSIGNED,81579,2022-08-04 10:22:00,36.4,1022.6
STARLINK-4051,53273,2022-08-04 05:42:00,36.4,354.3
TBA - TO BE ASSIGNED,81069,2022-08-04 11:40:00,36.4,1032.1
TBA - TO BE ASSIGNED,81865,2022-08-04 00:39:00,36.3,948.9
STARLINK-3868,52649,2022-08-04 08:54:00,36.3,423.5
TBA - TO BE ASSIGNED,81343,2022-08-04 14:49:00,36.2,623.0
COSMOS 1408 DEB,52925,2022-08-04 21:43:00,36.2,448.7
STARLINK-4044,52662,2022-08-04 00:43:00,36.2,543.6
CNCE5,52768,2022-08-04 06:00:00,36.1,538.4
STARLINK-4008,52622,2022-08-04 09:15:00,36.1,542.3
COSMOS 1408 DEB,52823,2022-08-04 21:14:00,36.1,455.9
STARLINK-3985,52644,2022-08-04 22:22:00,36.1,431.4
TBA - TO BE ASSIGNED,85217,2022-08-04 20:14:00,36.1,979.6
OBJECT J,52793,2022-08-04 04:17:00,36.1,599.9
STARLINK-4068,52681,2022-08-04 14:32:00,36.0,543.1
STARLINK-3867,52587,2022-08-04 14:09:00,36.0,541.7
STARLINK-3942,52563,2022-08-04 15:08:00,36.0,541.5
STARLINK-4175,53283,2022-08-04 05:40:00,36.0,356.4
TBA - TO BE ASSIGNED,82561,2022-08-04 05:10:00,36.0,591.8
LEMUR 2 HANCOM-1,52740,2022-08-04 16:34:00,36.0,527.1
STARLINK-4197,52849,2022-08-04 17:23:00,36.0,355.7
COSMOS 1408 DEB,52925,2022-08-04 10:07:00,36.0,563.9
TBA - TO BE ASSIGNED,81418,2022-08-04 06:24:00,35.9,1172.8
H-2A DEB,53344,2022-08-04 06:00:00,35.9,579.2
STARLINK-4050,53274,2022-08-04 05:42:00,35.9,354.7
TBA - TO BE ASSIGNED,82560,2022-08-04 10:30:00,35.9,954.7
STARLINK-4109,53268,2022-08-04 05:43:00,35.9,358.1
STARLINK-4179,53275,2022-08-04 05:42:00,35.9,357.7
STARLINK-4074,52678,2022-08-04 01:20:00,35.9,545.1
OBJECT D,52788,2022-08-04 19:11:00,35.8,617.4
SUPERVIEW NEO-2 O1,53128,2022-08-04 21:58:00,35.8,491.3
TBA - TO BE ASSIGNED,87624,2022-08-04 00:47:00,35.8,649.6
TBA - TO BE ASSIGNED,81845,2022-08-04 11:53:00,35.8,721.9
STARLINK-4064,52665,2022-08-04 02:00:00,35.8,545.6
CNCE4,52767,2022-08-04 06:00:00,35.8,538.4
TBA - TO BE ASSIGNED,270159,2022-08-04 20:26:00,35.7,1133.3
STARLINK-3854,52648,2022-08-04 08:55:00,35.7,425.9
TBA - TO BE ASSIGNED,87042,2022-08-04 14:33:00,35.7,884.3
H-2A DEB,53343,2022-08-04 07:08:00,35.6,561.2
OBJECT B,53300,2022-08-04 03:20:00,35.6,510.8
STARLINK-4184,52852,2022-08-04 17:24:00,35.6,356.5
STARLINK-4016,52603,2022-08-04 23:22:00,35.6,543.6
TBA - TO BE ASSIGNED,270175,2022-08-04 11:06:00,35.5,1170.5
LEMUR 2 HANCOM-1,52740,2022-08-04 06:01:00,35.5,539.9
TBA - TO BE ASSIGNED,87884,2022-08-04 06:21:00,35.5,948.1
TBA - TO BE ASSIGNED,87737,2022-08-04 14:15:00,35.5,904.1
FOSSASAT2E11,52750,2022-08-04 16:34:00,35.4,522.4
STARLINK-3991,52641,2022-08-04 22:20:00,35.4,430.3
ICEYE-X24,52755,2022-08-04 17:31:00,35.4,527.2
TBA - TO BE ASSIGNED,270170,2022-08-04 08:07:00,35.4,785.4
STARLINK-4043,52836,2022-08-04 07:26:00,35.4,465.8
STARLINK-3963,52643,2022-08-04 08:55:00,35.3,424.5
TBA - TO BE ASSIGNED,87320,2022-08-04 04:23:00,35.3,961.1
STARLINK-4029,52685,2022-08-04 15:49:00,35.3,542.1
STARLINK-4097,53265,2022-08-04 05:43:00,35.3,354.8
STARLINK-3832,52646,2022-08-04 22:20:00,35.2,429.4
TBA - TO BE ASSIGNED,87681,2022-08-04 15:03:00,35.2,1026.5
STARLINK-3929,52567,2022-08-04 22:02:00,35.2,543.4
STARLINK-4060,53267,2022-08-04 05:43:00,35.2,355.3
LEMUR 2 MIMI1307,52769,2022-08-04 16:34:00,35.2,522.6
MINOTAUR 4 DEB,52980,2022-08-04 02:02:00,35.1,576.2
MIMAN,52900,2022-08-04 08:34:00,35.1,699.8
TBA - TO BE ASSIGNED,270119,2022-08-04 09:28:00,35.1,717.4
STARLINK-4030,52698,2022-08-04 00:21:00,35.1,543.7
STARLINK-3983,52618,2022-08-04 00:23:00,35.0,543.1
COSMOS 1408 DEB,52823,2022-08-04 09:42:00,35.0,495.8
STARLINK-4057,53269,2022-08-04 05:42:00,35.0,354.8
TBA - TO BE ASSIGNED,81497,2022-08-04 08:09:00,34.9,1011.7
TBA - TO BE ASSIGNED,81674,2022-08-04 18:47:00,34.9,891.2
TBA - TO BE ASSIGNED,87727,2022-08-04 17:25:00,34.9,628.0
STARLINK-3973,52645,2022-08-04 08:54:00,34.9,424.0
OBJECT C,53301,2022-08-04 03:19:00,34.9,510.7
STARLINK-4180,53278,2022-08-04 05:41:00,34.9,354.1
TBA - TO BE ASSIGNED,270257,2022-08-04 19:10:00,34.9,977.8
STARLINK-3998,52610,2022-08-04 10:33:00,34.8,545.1
STARLINK-3991,52641,2022-08-04 08:56:00,34.8,427.8
TBA - TO BE ASSIGNED,81775,2022-08-04 15:37:00,34.8,838.3
STARLINK-4022,52629,2022-08-04 09:34:00,34.8,544.7
TBA - TO BE ASSIGNED,89206,2022-08-04 22:52:00,34.8,787.0
STARLINK-4085,53262,2022-08-04 05:44:00,34.8,355.6
LEMUR 2 MIMI1307,52769,2022-08-04 06:02:00,34.8,539.8
TBA - TO BE ASSIGNED,270051,2022-08-04 17:47:00,34.8,657.4
TBA - TO BE ASSIGNED,270121,2022-08-04 06:44:00,34.7,738.4
STARLINK-3915,52581,2022-08-04 12:51:00,34.7,544.0
TBA - TO BE ASSIGNED,81678,2022-08-04 12:50:00,34.7,664.0
STARLINK-3915,52581,2022-08-04 12:52:00,34.7,543.4
TBA - TO BE ASSIGNED,82854,2022-08-04 14:33:00,34.7,1008.4
TBA - TO BE ASSIGNED,87113,2022-08-04 23:53:00,34.7,832.2
FOSSASAT2E11,52750,2022-08-04 06:02:00,34.6,536.2
TBA - TO BE ASSIGNED,82363,2022-08-04 03:24:00,34.6,1088.3
STARLINK-4078,52689,2022-08-04 00:02:00,34.6,543.9
STARLINK-3832,52646,2022-08-04 22:19:00,34.6,426.4
TBA - TO BE ASSIGNED,81872,2022-08-04 14:02:00,34.6,806.3
STARLINK-3854,52648,2022-08-04 22:19:00,34.6,428.7
TBA - TO BE ASSIGNED,87491,2022-08-04 02:49:00,34.6,761.2
STARLINK-3950,53264,2022-08-04 05:44:00,34.5,354.7
STARLINK-4140,53259,2022-08-04 05:44:00,34.5,355.0
STARLINK-4075,52670,2022-08-04 02:01:00,34.5,545.1
H-2A DEB,53125,2022-08-04 03:22:00,34.5,685.5
TBA - TO BE ASSIGNED,81626,2022-08-04 03:18:00,34.5,642.6
STARLINK-4004,52656,2022-08-04 16:30:00,34.5,542.3
STARLINK-4015,52616,2022-08-04 22:41:00,34.4,544.2
TBA - TO BE ASSIGNED,87737,2022-08-04 12:31:00,34.4,906.5
STARLINK-4122,53272,2022-08-04 05:43:00,34.2,355.1
STARLINK-3832,52646,2022-08-04 08:55:00,34.2,426.5
TBA - TO BE ASSIGNED,87042,2022-08-04 12:52:00,34.2,886.4
TBA - TO BE ASSIGNED,81357,2022-08-04 02:04:00,34.2,747.1
TBA - TO BE ASSIGNED,81661,2022-08-04 15:43:00,34.2,783.7
STARLINK-3968,52639,2022-08-04 08:56:00,34.2,428.3
OBJECT M,52743,2022-08-04 06:02:00,34.1,539.6
OBJECT H,52792,2022-08-04 02:44:00,34.1,600.3
STARLINK-4058,53266,2022-08-04 05:43:00,34.1,354.7
TBA - TO BE ASSIGNED,87042,2022-08-04 03:12:00,34.0,911.9
TBA - TO BE ASSIGNED,87433,2022-08-04 08:24:00,34.0,1159.0
GHGSAT-C4,52746,2022-08-04 16:32:00,34.0,529.2
CZ-2C R/B,52794,2022-08-04 17:00:00,34.0,542.1
TBA - TO BE ASSIGNED,87014,2022-08-04 00:38:00,34.0,1093.6
CZ-2C R/B,52794,2022-08-04 17:01:00,34.0,546.3
H-2A DEB,53123,2022-08-04 06:02:00,34.0,585.3
TBA - TO BE ASSIGNED,87014,2022-08-04 15:31:00,34.0,1139.5
STARLINK-4092,52838,2022-08-04 07:24:00,33.9,466.4
STARLINK-4062,53261,2022-08-04 05:44:00,33.9,355.5
STARLINK-3985,52644,2022-08-04 08:57:00,33.9,429.6
STARLINK-3976,52673,2022-08-04 15:07:00,33.9,543.5
STARLINK-3968,52639,2022-08-04 22:20:00,33.9,425.3
CNCE5,52768,2022-08-04 16:32:00,33.9,523.3
STARLINK-4144,53257,2022-08-04 05:44:00,33.9,354.3
CNCE4,52767,2022-08-04 16:32:00,33.9,523.3
STARLINK-4147,53256,2022-08-04 05:45:00,33.8,355.6
STARLINK-4133,53253,2022-08-04 05:45:00,33.8,357.2
COSMOS 1408 DEB,52924,2022-08-04 10:29:00,33.7,647.7
VIGORIDE-3,52760,2022-08-04 17:33:00,33.7,527.3
PTD-3 (TYVAK-0125),52734,2022-08-04 16:32:00,33.7,527.2
STARLINK-4027,52601,2022-08-04 00:00:00,33.7,542.9
STARLINK-4142,53255,2022-08-04 05:45:00,33.6,357.4
TBA - TO BE ASSIGNED,82560,2022-08-04 23:42:00,33.6,949.8
TBA - TO BE ASSIGNED,82739,2022-08-04 09:48:00,33.6,1112.7
TBA - TO BE ASSIGNED,82199,2022-08-04 12:56:00,33.6,970.6
TBA - TO BE ASSIGNED,53333,2022-08-04 17:36:00,33.6,538.5
STARLINK-3868,52649,2022-08-04 22:18:00,33.5,426.1
STARLINK-4037,52663,2022-08-04 02:03:00,33.5,547.7
STARLINK-3989,52630,2022-08-04 08:11:00,33.5,543.3
OP1 (TYVAK-0820),52741,2022-08-04 06:03:00,33.5,540.0
STARLINK-3979,52608,2022-08-04 01:05:00,33.4,541.8
STARLINK-3973,52645,2022-08-04 22:18:00,33.4,427.4
STARLINK-3963,52643,2022-08-04 22:19:00,33.4,426.3
STARLINK-4001,52628,2022-08-04 09:10:00,33.4,543.0
TBA - TO BE ASSIGNED,82162,2022-08-04 00:51:00,33.4,1088.7
TBA - TO BE ASSIGNED,81745,2022-08-04 18:39:00,33.4,800.6
STARLINK-3832,52646,2022-08-04 22:18:00,33.4,422.6
TBA - TO BE ASSIGNED,85283,2022-08-04 03:22:00,33.4,693.9
TBA - TO BE ASSIGNED,82381,2022-08-04 11:47:00,33.4,773.7
STARLINK-4130,53263,2022-08-04 05:44:00,33.4,358.4
STARLINK-3979,52608,2022-08-04 01:04:00,33.4,542.4
TBA - TO BE ASSIGNED,270231,2022-08-04 01:27:00,33.3,732.0
TBA - TO BE ASSIGNED,81745,2022-08-04 06:17:00,33.3,792.7
STARLINK-4130,53263,2022-08-04 05:43:00,33.3,354.8
NUSAT-29 (EDITH CLARKE),52764,2022-08-04 06:02:00,33.3,527.7
STARLINK-3854,52648,2022-08-04 22:18:00,33.3,421.2
STARLINK-3971,52642,2022-08-04 08:57:00,33.3,430.2
STARLINK-3961,52637,2022-08-04 08:58:00,33.2,431.3
TBA - TO BE ASSIGNED,270233,2022-08-04 20:14:00,33.2,783.0
STARLINK-4129,53251,2022-08-04 05:45:00,33.2,355.1
TBA - TO BE ASSIGNED,53358,2022-08-04 16:11:00,33.1,350.3
STARLINK-3946,52693,2022-08-04 23:37:00,33.1,545.6
STARLINK-3946,52693,2022-08-04 01:24:00,33.1,545.1
STARLINK-3906,52585,2022-08-04 14:14:00,33.1,542.2
STARLINK-4127,53258,2022-08-04 05:45:00,33.0,355.0
STARLINK-3963,52643,2022-08-04 22:18:00,33.0,425.4
TBA - TO BE ASSIGNED,270020,2022-08-04 23:30:00,33.0,922.2
NUSAT-29 (EDITH CLARKE),52764,2022-08-04 16:33:00,33.0,513.8
TBA - TO BE ASSIGNED,87517,2022-08-04 03:17:00,33.0,571.3
TBA - TO BE ASSIGNED,270069,2022-08-04 07:50:00,32.9,947.2
TBA - TO BE ASSIGNED,89327,2022-08-04 10:36:00,32.9,937.3
STARLINK-3946,52693,2022-08-04 23:36:00,32.9,543.3
OBJECT A,53299,2022-08-04 03:23:00,32.9,510.7
STARLINK-4018,52697,2022-08-04 01:43:00,32.9,545.1
STARLINK-4136,53260,2022-08-04 05:44:00,32.9,358.4
TBA - TO BE ASSIGNED,89171,2022-08-04 01:23:00,32.9,528.5
TBA - TO BE ASSIGNED,81745,2022-08-04 16:56:00,32.9,799.7
TBA - TO BE ASSIGNED,270011,2022-08-04 00:43:00,32.8,1158.4
TBA - TO BE ASSIGNED,270179,2022-08-04 09:17:00,32.8,756.7
STARLINK-4005,52686,2022-08-04 14:26:00,32.8,543.7
STARLINK-4135,53248,2022-08-04 05:46:00,32.8,355.3
STARLINK-4059,53250,2022-08-04 05:46:00,32.8,355.0
TBA - TO BE ASSIGNED,270209,2022-08-04 09:30:00,32.8,781.8
STARLINK-4046,52842,2022-08-04 07:24:00,32.8,465.2
CRS-25,53113,2022-08-04 03:50:00,32.7,417.4
STARLINK-3930,52568,2022-08-04 23:24:00,32.7,544.7
TBA - TO BE ASSIGNED,81678,2022-08-04 02:33:00,32.7,607.7
TBA - TO BE ASSIGNED,85106,2022-08-04 22:27:00,32.7,1003.5
PROGRESS MS-20,52795,2022-08-04 03:50:00,32.7,417.3
H-2A DEB,53328,2022-08-04 05:55:00,32.7,630.3
TBA - TO BE ASSIGNED,270170,2022-08-04 09:50:00,32.7,785.4
FALCON 9 DEB,53238,2022-08-04 13:41:00,32.6,317.2
TBA - TO BE ASSIGNED,81905,2022-08-04 07:42:00,32.6,327.0
TBA - TO BE ASSIGNED,81579,2022-08-04 23:02:00,32.6,902.7
STARLINK-3846,52647,2022-08-04 22:17:00,32.6,421.4
STARLINK-4061,53247,2022-08-04 05:46:00,32.6,356.2
FALCON 9 DEB,53238,2022-08-04 02:08:00,32.5,302.4
OBJECT A,53299,2022-08-04 13:52:00,32.5,515.2
STARLINK-4251,53083,2022-08-04 21:51:00,32.5,417.9
COSMOS 1408 DEB,52810,2022-08-04 21:56:00,32.5,417.7
STARLINK-3973,52645,2022-08-04 22:17:00,32.5,419.7
TBA - TO BE ASSIGNED,270194,2022-08-04 19:29:00,32.4,1122.8
STARLINK-4259,52987,2022-08-04 21:19:00,32.4,422.9
TBA - TO BE ASSIGNED,82739,2022-08-04 21:23:00,32.4,925.0
TBA - TO BE ASSIGNED,82597,2022-08-04 02:54:00,32.4,838.7
TBA - TO BE ASSIGNED,53098,2022-08-04 08:53:00,32.4,467.2
TBA - TO BE ASSIGNED,53361,2022-08-04 16:11:00,32.4,349.9
COSMOS 1408 DEB,52820,2022-08-04 00:29:00,32.4,525.2
STARLINK-4018,52697,2022-08-04 23:56:00,32.4,543.6
STARLINK-4280,53178,2022-08-04 03:43:00,32.4,354.9
TBA - TO BE ASSIGNED,53360,2022-08-04 16:11:00,32.3,351.1
STARLINK-3868,52649,2022-08-04 22:17:00,32.3,421.3
TBA - TO BE ASSIGNED,53357,2022-08-04 16:11:00,32.3,350.1
STARLINK-4132,53252,2022-08-04 05:46:00,32.3,354.9
TBA - TO BE ASSIGNED,53362,2022-08-04 16:11:00,32.3,349.6
TBA - TO BE ASSIGNED,53359,2022-08-04 16:11:00,32.3,351.3
TBA - TO BE ASSIGNED,81995,2022-08-04 09:23:00,32.3,561.6
TBA - TO BE ASSIGNED,81488,2022-08-04 11:46:00,32.3,1024.0
COSMOS 1408 DEB,52810,2022-08-04 10:30:00,32.3,448.5
TBA - TO BE ASSIGNED,81745,2022-08-04 08:00:00,32.3,792.3
STARLINK-3977,52640,2022-08-04 08:59:00,32.3,432.6
OBJECT B,53347,2022-08-04 03:17:00,32.2,506.5
STARLINK-4018,52697,2022-08-04 23:55:00,32.2,542.7
OBJECT C,53348,2022-08-04 03:17:00,32.2,506.3
TBA - TO BE ASSIGNED,89101,2022-08-04 08:29:00,32.2,1185.9
H-2A DEB,53332,2022-08-04 17:29:00,32.2,547.6
COSMOS 1408 DEB,52806,2022-08-04 09:35:00,32.2,425.9
OBJECT D,52788,2022-08-04 17:30:00,32.2,620.6
OBJECT A,53346,2022-08-04 03:17:00,32.2,506.4
OBJECT A,53346,2022-08-04 13:46:00,32.2,507.1
STARLINK-3927,52569,2022-08-04 21:56:00,32.1,543.1
STARLINK-4035,52690,2022-08-04 15:54:00,32.1,542.1
STARLINK-4134,53254,2022-08-04 05:45:00,32.1,355.7
LEMUR 2 KAREN_B,52736,2022-08-04 06:03:00,32.1,537.4
TBA - TO BE ASSIGNED,87203,2022-08-04 17:07:00,32.1,672.9
STARLINK-4015,52616,2022-08-04 00:29:00,32.1,542.6
TBA - TO BE ASSIGNED,53349,2022-08-04 03:17:00,32.1,505.0
TBA - TO BE ASSIGNED,53357,2022-08-04 16:10:00,32.0,351.4
OBJECT B,53347,2022-08-04 13:46:00,32.0,504.2
STARLINK-4047,53243,2022-08-04 05:47:00,32.0,356.8
TBA - TO BE ASSIGNED,53349,2022-08-04 13:46:00,32.0,504.8
TBA - TO BE ASSIGNED,81219,2022-08-04 08:10:00,32.0,958.8
STARLINK-3846,52647,2022-08-04 22:18:00,32.0,425.3
STARLINK-4141,53138,2022-08-04 03:43:00,32.0,355.1
STARLINK-3895,52583,2022-08-04 12:46:00,31.9,543.5
TBA - TO BE ASSIGNED,81552,2022-08-04 02:20:00,31.9,1172.4
STARLINK-3978,52635,2022-08-04 08:58:00,31.9,431.6
STARLINK-4125,53244,2022-08-04 05:46:00,31.9,357.9
OBJECT C,53348,2022-08-04 13:46:00,31.9,504.1
STARLINK-4293,52989,2022-08-04 21:19:00,31.9,423.3
STARLINK-4067,52668,2022-08-04 02:05:00,31.9,545.4
STARLINK-4000,52605,2022-08-04 10:38:00,31.8,544.7
TBA - TO BE ASSIGNED,53363,2022-08-04 16:11:00,31.8,327.5
STARLINK-4286,52990,2022-08-04 21:18:00,31.8,422.5
TBA - TO BE ASSIGNED,81264,2022-08-04 23:42:00,31.8,638.9
TBA - TO BE ASSIGNED,270119,2022-08-04 02:24:00,31.8,917.3
TBA - TO BE ASSIGNED,87884,2022-08-04 17:42:00,31.8,920.0
TBA - TO BE ASSIGNED,82285,2022-08-04 21:27:00,31.8,1072.8
TBA - TO BE ASSIGNED,82187,2022-08-04 23:26:00,31.8,701.1
STARLINK-4285,52991,2022-08-04 21:18:00,31.8,422.9
H-2A DEB,53118,2022-08-04 18:45:00,31.7,553.8
TBA - TO BE ASSIGNED,81402,2022-08-04 22:58:00,31.7,791.7
STARLINK-3992,52627,2022-08-04 09:39:00,31.7,544.6
COSMOS 1408 DEB,52805,2022-08-04 02:33:00,31.7,803.8
STARLINK-4124,53245,2022-08-04 05:47:00,31.7,355.1
OBJECT C,52718,2022-08-04 13:32:00,31.6,878.9
TBA - TO BE ASSIGNED,81775,2022-08-04 17:19:00,31.6,839.4
STARLINK-3979,52608,2022-08-04 23:17:00,31.6,543.6
TBA - TO BE ASSIGNED,85010,2022-08-04 12:58:00,31.6,993.6
TBA - TO BE ASSIGNED,81438,2022-08-04 10:47:00,31.5,1052.8
STARLINK-4128,53249,2022-08-04 05:46:00,31.5,355.1
STARLINK-4269,52992,2022-08-04 21:18:00,31.5,423.2
TBA - TO BE ASSIGNED,270233,2022-08-04 21:53:00,31.5,780.3
TBA - TO BE ASSIGNED,270187,2022-08-04 19:22:00,31.5,753.5
YAOGAN-35 F,52909,2022-08-04 04:12:00,31.5,505.2
TBA - TO BE ASSIGNED,270090,2022-08-04 02:33:00,31.5,754.2
OBJECT H,52792,2022-08-04 04:25:00,31.5,600.2
FLT (TYVAK-0212),52742,2022-08-04 16:28:00,31.3,528.5
COSMOS 1408 DEB,52805,2022-08-04 00:51:00,31.3,784.1
STARLINK-4032,52688,2022-08-04 15:56:00,31.3,541.6
STARLINK-4056,53242,2022-08-04 05:47:00,31.3,358.8
TBA - TO BE ASSIGNED,87656,2022-08-04 07:29:00,31.3,691.8
TBA - TO BE ASSIGNED,270187,2022-08-04 17:40:00,31.2,753.7
DUMMY CUBESAT,52983,2022-08-04 08:41:00,31.2,701.6
OBJECT C,52787,2022-08-04 19:20:00,31.2,617.5
TBA - TO BE ASSIGNED,82912,2022-08-04 03:17:00,31.2,984.7
TBA - TO BE ASSIGNED,89460,2022-08-04 17:29:00,31.2,1111.1
TBA - TO BE ASSIGNED,270036,2022-08-04 13:06:00,31.2,949.8
TBA - TO BE ASSIGNED,270090,2022-08-04 04:12:00,31.2,754.3
STARLINK-4131,53246,2022-08-04 05:47:00,31.2,355.3
YAOGAN-35 D,52907,2022-08-04 04:12:00,31.2,502.9
STARLINK-4251,53083,2022-08-04 21:52:00,31.1,419.1
H-2A DEB,53127,2022-08-04 05:50:00,31.1,638.7
STARLINK-4016,52603,2022-08-04 01:10:00,31.1,542.0
TBA - TO BE ASSIGNED,89005,2022-08-04 04:12:00,31.1,911.1
TBA - TO BE ASSIGNED,81661,2022-08-04 17:21:00,31.1,781.6
TBA - TO BE ASSIGNED,270218,2022-08-04 03:30:00,31.1,879.8
STARLINK-4082,52658,2022-08-04 16:35:00,31.1,542.5
STARLINK-4036,52837,2022-08-04 07:21:00,31.1,464.3
TBA - TO BE ASSIGNED,82915,2022-08-04 03:59:00,31.1,631.0
H-2A DEB,53326,2022-08-04 18:38:00,31.1,512.5
TBA - TO BE ASSIGNED,81228,2022-08-04 12:05:00,31.0,880.2
TBA - TO BE ASSIGNED,85210,2022-08-04 17:24:00,31.0,1175.4
FREGAT DEB,52953,2022-08-04 17:22:00,31.0,904.3
STARLINK-4056,53242,2022-08-04 05:46:00,31.0,357.0
TBA - TO BE ASSIGNED,87845,2022-08-04 09:21:00,31.0,927.2
TBA - TO BE ASSIGNED,270269,2022-08-04 23:43:00,31.0,1119.0
STARLINK-4293,52989,2022-08-04 21:18:00,31.0,420.9
TBA - TO BE ASSIGNED,81037,2022-08-04 23:24:00,30.9,482.8
TBA - TO BE ASSIGNED,81392,2022-08-04 01:16:00,30.9,1025.7
TBA - TO BE ASSIGNED,82642,2022-08-04 16:57:00,30.9,926.9
TBA - TO BE ASSIGNED,270043,2022-08-04 02:52:00,30.9,1081.5
STARLINK-4074,52678,2022-08-04 23:32:00,30.9,543.3
TBA - TO BE ASSIGNED,85210,2022-08-04 05:45:00,30.9,937.2
STARLINK-4084,52657,2022-08-04 16:35:00,30.9,545.1
TBA - TO BE ASSIGNED,82729,2022-08-04 12:12:00,30.8,969.0
TBA - TO BE ASSIGNED,87305,2022-08-04 01:07:00,30.8,693.2
TBA - TO BE ASSIGNED,81301,2022-08-04 06:34:00,30.8,1053.8
TBA - TO BE ASSIGNED,81521,2022-08-04 22:14:00,30.8,679.3
OBJECT A,52716,2022-08-04 13:31:00,30.8,876.6
TBA - TO BE ASSIGNED,82381,2022-08-04 10:08:00,30.8,774.1
OBJECT J,52793,2022-08-04 02:36:00,30.8,600.2
STARLINK-3960,52659,2022-08-04 16:37:00,30.7,542.3
TBA - TO BE ASSIGNED,87764,2022-08-04 11:20:00,30.7,721.1
TBA - TO BE ASSIGNED,82893,2022-08-04 02:46:00,30.7,887.8
TBA - TO BE ASSIGNED,270022,2022-08-04 00:00:00,30.7,1170.0
H-2A DEB,53330,2022-08-04 18:42:00,30.7,579.0
H-2A DEB,53115,2022-08-04 18:45:00,30.6,519.4
TBA - TO BE ASSIGNED,87280,2022-08-04 20:09:00,30.6,1176.7
TBA - TO BE ASSIGNED,270033,2022-08-04 20:05:00,30.6,602.3
TBA - TO BE ASSIGNED,87642,2022-08-04 01:04:00,30.6,604.1
TBA - TO BE ASSIGNED,87214,2022-08-04 12:21:00,30.5,916.1
TBA - TO BE ASSIGNED,84136,2022-08-04 14:44:00,30.5,1144.0
TBA - TO BE ASSIGNED,53326,2022-08-04 18:39:00,30.4,515.9
STARLINK-3983,52618,2022-08-04 22:35:00,30.4,544.6
YAOGAN-35 E,52908,2022-08-04 00:45:00,30.4,497.9
H-2A DEB,53342,2022-08-04 18:43:00,30.3,584.8
YAOGAN-35 F,52909,2022-08-04 00:51:00,30.3,503.3
TBA - TO BE ASSIGNED,87397,2022-08-04 06:02:00,30.3,659.8
TBA - TO BE ASSIGNED,81301,2022-08-04 19:55:00,30.3,951.9
TBA - TO BE ASSIGNED,53099,2022-08-04 09:36:00,30.3,439.5
SBUDNIC,52774,2022-08-04 17:39:00,30.3,522.8
STARLINK-4362,53043,2022-08-04 09:25:00,30.2,419.3
TBA - TO BE ASSIGNED,81036,2022-08-04 05:42:00,30.2,1036.1
STARLINK-3934,52675,2022-08-04 23:31:00,30.2,543.3
TBA - TO BE ASSIGNED,270051,2022-08-04 07:25:00,30.2,659.9
COSMOS 1408 DEB,52806,2022-08-04 21:00:00,30.2,437.7
TBA - TO BE ASSIGNED,87256,2022-08-04 14:56:00,30.2,897.3
FALCON 9 DEB,53237,2022-08-04 13:44:00,30.2,318.9
STARLINK-4019,52598,2022-08-04 09:04:00,30.2,542.8
H-2A DEB,53337,2022-08-04 07:13:00,30.2,517.5
STARLINK-4034,52700,2022-08-04 01:49:00,30.2,545.4
FOSSASAT2E12,52773,2022-08-04 06:08:00,30.2,536.8
TBA - TO BE ASSIGNED,270209,2022-08-04 11:10:00,30.1,782.1
STARLINK-3910,52586,2022-08-04 14:20:00,30.1,541.5
TBA - TO BE ASSIGNED,81798,2022-08-04 15:11:00,30.1,699.6
OBJECT A,53316,2022-08-04 02:48:00,30.1,496.1
TBA - TO BE ASSIGNED,81418,2022-08-04 20:06:00,30.1,1101.9
OBJECT B,53300,2022-08-04 13:49:00,30.1,513.1
TBA - TO BE ASSIGNED,89048,2022-08-04 16:10:00,30.1,669.7
STARLINK-4033,52702,2022-08-04 23:50:00,30.1,542.9
TBA - TO BE ASSIGNED,270179,2022-08-04 07:38:00,30.1,755.0
TBA - TO BE ASSIGNED,270052,2022-08-04 08:24:00,30.0,602.4
OBJECT C,53301,2022-08-04 13:49:00,30.0,513.2
H-2A DEB,53325,2022-08-04 18:41:00,30.0,561.7
STARLINK-4079,52666,2022-08-04 00:32:00,30.0,543.6
